model,module,layer,memmb,param_cnt,bit_budget,b1,g1,b2,g2,params_quant_tot,params_all_tot
Qwen3.5-2B,mlp.down_proj,5,5.003430366516113,13422592,3.13,3,128,8,128,1275683712,3003155584
Qwen3.5-2B,self_attn.q_proj,7,17.015625,33554432,3.13,4,64,8,128,1275683712,3003155584
Qwen3.5-2B,mlp.down_proj,9,5.003430366516113,13422592,3.13,3,128,8,128,1275683712,3003155584
Qwen3.5-2B,self_attn.k_proj,15,2.126953125,4194304,3.13,4,64,8,128,1275683712,3003155584
Qwen3.5-2B,mlp.down_proj,10,5.003430366516113,13422592,3.13,3,128,8,128,1275683712,3003155584
Qwen3.5-2B,mlp.down_proj,3,5.6125481724739075,13421888,3.13,3,32,8,128,1275683712,3003155584
Qwen3.5-2B,mlp.gate_proj,18,5.003430366516113,13422592,3.13,3,128,8,128,1275683712,3003155584
Qwen3.5-2B,mlp.gate_proj,19,5.003430366516113,13422592,3.13,3,128,8,128,1275683712,3003155584
Qwen3.5-2B,mlp.up_proj,16,5.6125481724739075,13421888,3.13,3,32,8,128,1275683712,3003155584
Qwen3.5-2B,mlp.gate_proj,16,5.003430366516113,13422592,3.13,3,128,8,128,1275683712,3003155584
Qwen3.5-2B,mlp.down_proj,4,5.003430366516113,13422592,3.13,3,128,8,128,1275683712,3003155584
Qwen3.5-2B,mlp.up_proj,6,5.003430366516113,13422592,3.13,3,128,8,128,1275683712,3003155584
Qwen3.5-2B,self_attn.o_proj,15,8.5078125,16777216,3.13,4,64,8,128,1275683712,3003155584
Qwen3.5-2B,mlp.up_proj,18,5.003430366516113,13422592,3.13,3,128,8,128,1275683712,3003155584
Qwen3.5-2B,self_attn.q_proj,23,17.015625,33554432,3.13,4,64,8,128,1275683712,3003155584
Qwen3.5-2B,mlp.gate_proj,10,5.003430366516113,13422592,3.13,3,128,8,128,1275683712,3003155584
Qwen3.5-2B,mlp.gate_proj,7,5.003430366516113,13422592,3.13,3,128,8,128,1275683712,3003155584
Qwen3.5-2B,mlp.up_proj,21,5.003430366516113,13422592,3.13,3,128,8,128,1275683712,3003155584
Qwen3.5-2B,mlp.down_proj,22,5.003430366516113,13422592,3.13,3,128,8,128,1275683712,3003155584
Qwen3.5-2B,self_attn.v_proj,3,0.4173024296760559,1119488,3.13,3,128,8,128,1275683712,3003155584
Qwen3.5-2B,mlp.up_proj,5,5.003430366516113,13422592,3.13,3,128,8,128,1275683712,3003155584
Qwen3.5-2B,mlp.gate_proj,6,5.003430366516113,13422592,3.13,3,128,8,128,1275683712,3003155584
Qwen3.5-2B,mlp.gate_proj,14,5.6125481724739075,13421888,3.13,3,32,8,128,1275683712,3003155584
Qwen3.5-2B,mlp.gate_proj,20,5.003430366516113,13422592,3.13,3,128,8,128,1275683712,3003155584
Qwen3.5-2B,mlp.up_proj,17,5.003430366516113,13422592,3.13,3,128,8,128,1275683712,3003155584
Qwen3.5-2B,mlp.down_proj,19,5.003430366516113,13422592,3.13,3,128,8,128,1275683712,3003155584
Qwen3.5-2B,self_attn.o_proj,7,8.5078125,16777216,3.13,4,64,8,128,1275683712,3003155584
Qwen3.5-2B,mlp.down_proj,13,5.003430366516113,13422592,3.13,3,128,8,128,1275683712,3003155584
Qwen3.5-2B,mlp.gate_proj,0,5.003430366516113,13422592,3.13,3,128,8,128,1275683712,3003155584
Qwen3.5-2B,mlp.gate_proj,9,5.003430366516113,13422592,3.13,3,128,8,128,1275683712,3003155584
Qwen3.5-2B,mlp.down_proj,15,5.003430366516113,13422592,3.13,3,128,8,128,1275683712,3003155584
Qwen3.5-2B,mlp.gate_proj,22,5.003430366516113,13422592,3.13,3,128,8,128,1275683712,3003155584
Qwen3.5-2B,self_attn.o_proj,23,8.5078125,16777216,3.13,4,64,8,128,1275683712,3003155584
Qwen3.5-2B,mlp.gate_proj,23,5.003430366516113,13422592,3.13,3,128,8,128,1275683712,3003155584
Qwen3.5-2B,self_attn.q_proj,15,17.015625,33554432,3.13,4,64,8,128,1275683712,3003155584
Qwen3.5-2B,mlp.down_proj,20,5.003430366516113,13422592,3.13,3,128,8,128,1275683712,3003155584
Qwen3.5-2B,mlp.down_proj,18,5.003430366516113,13422592,3.13,3,128,8,128,1275683712,3003155584
Qwen3.5-2B,mlp.down_proj,2,5.6125481724739075,13421888,3.13,3,32,8,128,1275683712,3003155584
Qwen3.5-2B,mlp.up_proj,22,5.003430366516113,13422592,3.13,3,128,8,128,1275683712,3003155584
Qwen3.5-2B,mlp.down_proj,21,5.003430366516113,13422592,3.13,3,128,8,128,1275683712,3003155584
Qwen3.5-2B,mlp.up_proj,15,5.003430366516113,13422592,3.13,3,128,8,128,1275683712,3003155584
Qwen3.5-2B,self_attn.v_proj,23,2.126953125,4194304,3.13,4,64,8,128,1275683712,3003155584
Qwen3.5-2B,self_attn.k_proj,11,2.126953125,4194304,3.13,4,64,8,128,1275683712,3003155584
Qwen3.5-2B,mlp.gate_proj,17,5.003430366516113,13422592,3.13,3,128,8,128,1275683712,3003155584
Qwen3.5-2B,mlp.up_proj,23,5.6125481724739075,13421888,3.13,3,32,8,128,1275683712,3003155584
Qwen3.5-2B,self_attn.k_proj,19,2.126953125,4194304,3.13,4,64,8,128,1275683712,3003155584
Qwen3.5-2B,mlp.gate_proj,15,5.6125481724739075,13421888,3.13,3,32,8,128,1275683712,3003155584
Qwen3.5-2B,mlp.up_proj,3,5.003430366516113,13422592,3.13,3,128,8,128,1275683712,3003155584
Qwen3.5-2B,self_attn.q_proj,11,17.015625,33554432,3.13,4,64,8,128,1275683712,3003155584
Qwen3.5-2B,mlp.down_proj,8,5.003430366516113,13422592,3.13,3,128,8,128,1275683712,3003155584
Qwen3.5-2B,self_attn.o_proj,19,8.5078125,16777216,3.13,4,64,8,128,1275683712,3003155584
Qwen3.5-2B,mlp.gate_proj,4,5.003430366516113,13422592,3.13,3,128,8,128,1275683712,3003155584
Qwen3.5-2B,mlp.up_proj,1,5.003430366516113,13422592,3.13,3,128,8,128,1275683712,3003155584
Qwen3.5-2B,mlp.up_proj,19,5.003430366516113,13422592,3.13,3,128,8,128,1275683712,3003155584
Qwen3.5-2B,mlp.up_proj,4,5.003430366516113,13422592,3.13,3,128,8,128,1275683712,3003155584
Qwen3.5-2B,mlp.down_proj,14,5.003430366516113,13422592,3.13,3,128,8,128,1275683712,3003155584
Qwen3.5-2B,mlp.gate_proj,2,5.003430366516113,13422592,3.13,3,128,8,128,1275683712,3003155584
Qwen3.5-2B,mlp.up_proj,13,5.003430366516113,13422592,3.13,3,128,8,128,1275683712,3003155584
Qwen3.5-2B,mlp.gate_proj,3,5.003430366516113,13422592,3.13,3,128,8,128,1275683712,3003155584
Qwen3.5-2B,mlp.down_proj,7,5.003430366516113,13422592,3.13,3,128,8,128,1275683712,3003155584
Qwen3.5-2B,self_attn.q_proj,19,17.015625,33554432,3.13,4,64,8,128,1275683712,3003155584
Qwen3.5-2B,mlp.down_proj,16,5.003430366516113,13422592,3.13,3,128,8,128,1275683712,3003155584
Qwen3.5-2B,mlp.down_proj,23,5.6125481724739075,13421888,3.13,3,32,8,128,1275683712,3003155584
Qwen3.5-2B,mlp.down_proj,17,5.003430366516113,13422592,3.13,3,128,8,128,1275683712,3003155584
Qwen3.5-2B,self_attn.k_proj,3,0.4173024296760559,1119488,3.13,3,128,8,128,1275683712,3003155584
Qwen3.5-2B,mlp.gate_proj,21,5.003430366516113,13422592,3.13,3,128,8,128,1275683712,3003155584
Qwen3.5-2B,mlp.gate_proj,11,5.003430366516113,13422592,3.13,3,128,8,128,1275683712,3003155584
Qwen3.5-2B,self_attn.v_proj,7,2.126953125,4194304,3.13,4,64,8,128,1275683712,3003155584
Qwen3.5-2B,self_attn.o_proj,3,1.6677783131599426,4474112,3.13,3,128,8,128,1275683712,3003155584
Qwen3.5-2B,mlp.down_proj,0,5.003430366516113,13422592,3.13,3,128,8,128,1275683712,3003155584
Qwen3.5-2B,self_attn.q_proj,3,3.335604339838028,8948352,3.13,3,128,8,128,1275683712,3003155584
Qwen3.5-2B,mlp.up_proj,11,5.003430366516113,13422592,3.13,3,128,8,128,1275683712,3003155584
Qwen3.5-2B,self_attn.v_proj,15,2.126953125,4194304,3.13,4,64,8,128,1275683712,3003155584
Qwen3.5-2B,mlp.down_proj,6,5.003430366516113,13422592,3.13,3,128,8,128,1275683712,3003155584
Qwen3.5-2B,mlp.down_proj,12,5.003430366516113,13422592,3.13,3,128,8,128,1275683712,3003155584
Qwen3.5-2B,mlp.up_proj,14,5.6125481724739075,13421888,3.13,3,32,8,128,1275683712,3003155584
Qwen3.5-2B,mlp.down_proj,11,5.003430366516113,13422592,3.13,3,128,8,128,1275683712,3003155584
Qwen3.5-2B,self_attn.o_proj,11,8.5078125,16777216,3.13,4,64,8,128,1275683712,3003155584
Qwen3.5-2B,mlp.up_proj,20,5.003430366516113,13422592,3.13,3,128,8,128,1275683712,3003155584
Qwen3.5-2B,mlp.up_proj,9,5.003430366516113,13422592,3.13,3,128,8,128,1275683712,3003155584
Qwen3.5-2B,mlp.gate_proj,8,5.003430366516113,13422592,3.13,3,128,8,128,1275683712,3003155584
Qwen3.5-2B,mlp.up_proj,7,5.003430366516113,13422592,3.13,3,128,8,128,1275683712,3003155584
Qwen3.5-2B,self_attn.k_proj,7,2.126953125,4194304,3.13,4,64,8,128,1275683712,3003155584
Qwen3.5-2B,mlp.gate_proj,1,5.003430366516113,13422592,3.13,3,128,8,128,1275683712,3003155584
Qwen3.5-2B,mlp.up_proj,10,5.003430366516113,13422592,3.13,3,128,8,128,1275683712,3003155584
Qwen3.5-2B,mlp.up_proj,8,5.003430366516113,13422592,3.13,3,128,8,128,1275683712,3003155584
Qwen3.5-2B,self_attn.v_proj,11,2.126953125,4194304,3.13,4,64,8,128,1275683712,3003155584
Qwen3.5-2B,self_attn.k_proj,23,2.126953125,4194304,3.13,4,64,8,128,1275683712,3003155584
Qwen3.5-2B,mlp.gate_proj,5,5.003430366516113,13422592,3.13,3,128,8,128,1275683712,3003155584
Qwen3.5-2B,mlp.gate_proj,13,5.003430366516113,13422592,3.13,3,128,8,128,1275683712,3003155584
Qwen3.5-2B,mlp.up_proj,2,5.003430366516113,13422592,3.13,3,128,8,128,1275683712,3003155584
Qwen3.5-2B,mlp.up_proj,0,5.003430366516113,13422592,3.13,3,128,8,128,1275683712,3003155584
Qwen3.5-2B,mlp.down_proj,1,5.003430366516113,13422592,3.13,3,128,8,128,1275683712,3003155584
Qwen3.5-2B,self_attn.v_proj,19,2.126953125,4194304,3.13,4,64,8,128,1275683712,3003155584
Qwen3.5-2B,mlp.gate_proj,12,5.003430366516113,13422592,3.13,3,128,8,128,1275683712,3003155584
Qwen3.5-2B,mlp.up_proj,12,5.003430366516113,13422592,3.13,3,128,8,128,1275683712,3003155584
Qwen3.5-2B,mlp.down_proj,5,5.206294685602188,13421888,3.25,3,64,8,128,1570915520,3298387392
Qwen3.5-2B,self_attn.q_proj,7,17.015625,33554432,3.25,4,64,8,128,1570915520,3298387392
Qwen3.5-2B,mlp.down_proj,9,5.206294685602188,13421888,3.25,3,64,8,128,1570915520,3298387392
Qwen3.5-2B,self_attn.k_proj,15,2.126953125,4194304,3.25,4,64,8,128,1570915520,3298387392
Qwen3.5-2B,mlp.down_proj,10,5.206294685602188,13421888,3.25,3,64,8,128,1570915520,3298387392
Qwen3.5-2B,mlp.down_proj,3,24.76171875,50331648,3.25,4,128,8,128,1570915520,3298387392
Qwen3.5-2B,mlp.gate_proj,18,5.206294685602188,13421888,3.25,3,64,8,128,1570915520,3298387392
Qwen3.5-2B,mlp.gate_proj,19,5.206294685602188,13421888,3.25,3,64,8,128,1570915520,3298387392
Qwen3.5-2B,mlp.up_proj,16,24.76171875,50331648,3.25,4,128,8,128,1570915520,3298387392
Qwen3.5-2B,mlp.gate_proj,16,5.206294685602188,13421888,3.25,3,64,8,128,1570915520,3298387392
Qwen3.5-2B,mlp.down_proj,4,5.206294685602188,13421888,3.25,3,64,8,128,1570915520,3298387392
Qwen3.5-2B,mlp.up_proj,6,5.206294685602188,13421888,3.25,3,64,8,128,1570915520,3298387392
Qwen3.5-2B,self_attn.o_proj,15,8.5078125,16777216,3.25,4,64,8,128,1570915520,3298387392
Qwen3.5-2B,mlp.up_proj,18,5.206294685602188,13421888,3.25,3,64,8,128,1570915520,3298387392
Qwen3.5-2B,self_attn.q_proj,23,17.015625,33554432,3.25,4,64,8,128,1570915520,3298387392
Qwen3.5-2B,mlp.gate_proj,10,5.206294685602188,13421888,3.25,3,64,8,128,1570915520,3298387392
Qwen3.5-2B,mlp.gate_proj,7,5.206294685602188,13421888,3.25,3,64,8,128,1570915520,3298387392
Qwen3.5-2B,mlp.up_proj,21,5.206294685602188,13421888,3.25,3,64,8,128,1570915520,3298387392
Qwen3.5-2B,mlp.down_proj,22,5.206294685602188,13421888,3.25,3,64,8,128,1570915520,3298387392
Qwen3.5-2B,self_attn.v_proj,3,0.4339964985847473,1118848,3.25,3,64,8,128,1570915520,3298387392
Qwen3.5-2B,mlp.up_proj,5,5.206294685602188,13421888,3.25,3,64,8,128,1570915520,3298387392
Qwen3.5-2B,mlp.gate_proj,6,5.206294685602188,13421888,3.25,3,64,8,128,1570915520,3298387392
Qwen3.5-2B,mlp.gate_proj,14,24.76171875,50331648,3.25,4,128,8,128,1570915520,3298387392
Qwen3.5-2B,mlp.gate_proj,20,5.206294685602188,13421888,3.25,3,64,8,128,1570915520,3298387392
Qwen3.5-2B,mlp.up_proj,17,5.206294685602188,13421888,3.25,3,64,8,128,1570915520,3298387392
Qwen3.5-2B,mlp.down_proj,19,5.206294685602188,13421888,3.25,3,64,8,128,1570915520,3298387392
Qwen3.5-2B,self_attn.o_proj,7,8.5078125,16777216,3.25,4,64,8,128,1570915520,3298387392
Qwen3.5-2B,mlp.down_proj,13,5.206294685602188,13421888,3.25,3,64,8,128,1570915520,3298387392
Qwen3.5-2B,mlp.gate_proj,0,5.206294685602188,13421888,3.25,3,64,8,128,1570915520,3298387392
Qwen3.5-2B,mlp.gate_proj,9,5.206294685602188,13421888,3.25,3,64,8,128,1570915520,3298387392
Qwen3.5-2B,mlp.down_proj,15,5.206294685602188,13421888,3.25,3,64,8,128,1570915520,3298387392
Qwen3.5-2B,mlp.gate_proj,22,5.206294685602188,13421888,3.25,3,64,8,128,1570915520,3298387392
Qwen3.5-2B,self_attn.o_proj,23,8.5078125,16777216,3.25,4,64,8,128,1570915520,3298387392
Qwen3.5-2B,mlp.gate_proj,23,5.206294685602188,13421888,3.25,3,64,8,128,1570915520,3298387392
Qwen3.5-2B,self_attn.q_proj,15,17.015625,33554432,3.25,4,64,8,128,1570915520,3298387392
Qwen3.5-2B,mlp.down_proj,20,5.206294685602188,13421888,3.25,3,64,8,128,1570915520,3298387392
Qwen3.5-2B,mlp.down_proj,18,5.206294685602188,13421888,3.25,3,64,8,128,1570915520,3298387392
Qwen3.5-2B,mlp.down_proj,2,24.76171875,50331648,3.25,4,128,8,128,1570915520,3298387392
Qwen3.5-2B,mlp.up_proj,22,5.206294685602188,13421888,3.25,3,64,8,128,1570915520,3298387392
Qwen3.5-2B,mlp.down_proj,21,5.206294685602188,13421888,3.25,3,64,8,128,1570915520,3298387392
Qwen3.5-2B,mlp.up_proj,15,5.206294685602188,13421888,3.25,3,64,8,128,1570915520,3298387392
Qwen3.5-2B,self_attn.v_proj,23,2.126953125,4194304,3.25,4,64,8,128,1570915520,3298387392
Qwen3.5-2B,self_attn.k_proj,11,2.126953125,4194304,3.25,4,64,8,128,1570915520,3298387392
Qwen3.5-2B,mlp.gate_proj,17,5.206294685602188,13421888,3.25,3,64,8,128,1570915520,3298387392
Qwen3.5-2B,mlp.up_proj,23,24.76171875,50331648,3.25,4,128,8,128,1570915520,3298387392
Qwen3.5-2B,self_attn.k_proj,19,2.126953125,4194304,3.25,4,64,8,128,1570915520,3298387392
Qwen3.5-2B,mlp.gate_proj,15,24.76171875,50331648,3.25,4,128,8,128,1570915520,3298387392
Qwen3.5-2B,mlp.up_proj,3,5.206294685602188,13421888,3.25,3,64,8,128,1570915520,3298387392
Qwen3.5-2B,self_attn.q_proj,11,17.015625,33554432,3.25,4,64,8,128,1570915520,3298387392
Qwen3.5-2B,mlp.down_proj,8,5.206294685602188,13421888,3.25,3,64,8,128,1570915520,3298387392
Qwen3.5-2B,self_attn.o_proj,19,8.5078125,16777216,3.25,4,64,8,128,1570915520,3298387392
Qwen3.5-2B,mlp.gate_proj,4,5.206294685602188,13421888,3.25,3,64,8,128,1570915520,3298387392
Qwen3.5-2B,mlp.up_proj,1,5.206294685602188,13421888,3.25,3,64,8,128,1570915520,3298387392
Qwen3.5-2B,mlp.up_proj,19,5.206294685602188,13421888,3.25,3,64,8,128,1570915520,3298387392
Qwen3.5-2B,mlp.up_proj,4,5.206294685602188,13421888,3.25,3,64,8,128,1570915520,3298387392
Qwen3.5-2B,mlp.down_proj,14,5.206294685602188,13421888,3.25,3,64,8,128,1570915520,3298387392
Qwen3.5-2B,mlp.gate_proj,2,5.206294685602188,13421888,3.25,3,64,8,128,1570915520,3298387392
Qwen3.5-2B,mlp.up_proj,13,5.206294685602188,13421888,3.25,3,64,8,128,1570915520,3298387392
Qwen3.5-2B,mlp.gate_proj,3,5.206294685602188,13421888,3.25,3,64,8,128,1570915520,3298387392
Qwen3.5-2B,mlp.down_proj,7,5.206294685602188,13421888,3.25,3,64,8,128,1570915520,3298387392
Qwen3.5-2B,self_attn.q_proj,19,17.015625,33554432,3.25,4,64,8,128,1570915520,3298387392
Qwen3.5-2B,mlp.down_proj,16,5.206294685602188,13421888,3.25,3,64,8,128,1570915520,3298387392
Qwen3.5-2B,mlp.down_proj,23,24.76171875,50331648,3.25,4,128,8,128,1570915520,3298387392
Qwen3.5-2B,mlp.down_proj,17,5.206294685602188,13421888,3.25,3,64,8,128,1570915520,3298387392
Qwen3.5-2B,self_attn.k_proj,3,0.4339964985847473,1118848,3.25,3,64,8,128,1570915520,3298387392
Qwen3.5-2B,mlp.gate_proj,21,5.206294685602188,13421888,3.25,3,64,8,128,1570915520,3298387392
Qwen3.5-2B,mlp.gate_proj,11,5.206294685602188,13421888,3.25,3,64,8,128,1570915520,3298387392
Qwen3.5-2B,self_attn.v_proj,7,2.126953125,4194304,3.25,4,64,8,128,1570915520,3298387392
Qwen3.5-2B,self_attn.o_proj,3,1.7355143129825592,4474176,3.25,3,64,8,128,1570915520,3298387392
Qwen3.5-2B,mlp.down_proj,0,5.206294685602188,13421888,3.25,3,64,8,128,1570915520,3298387392
Qwen3.5-2B,self_attn.q_proj,3,3.4710286259651184,8948352,3.25,3,64,8,128,1570915520,3298387392
Qwen3.5-2B,mlp.up_proj,11,5.206294685602188,13421888,3.25,3,64,8,128,1570915520,3298387392
Qwen3.5-2B,self_attn.v_proj,15,2.126953125,4194304,3.25,4,64,8,128,1570915520,3298387392
Qwen3.5-2B,mlp.down_proj,6,5.206294685602188,13421888,3.25,3,64,8,128,1570915520,3298387392
Qwen3.5-2B,mlp.down_proj,12,5.206294685602188,13421888,3.25,3,64,8,128,1570915520,3298387392
Qwen3.5-2B,mlp.up_proj,14,24.76171875,50331648,3.25,4,128,8,128,1570915520,3298387392
Qwen3.5-2B,mlp.down_proj,11,5.206294685602188,13421888,3.25,3,64,8,128,1570915520,3298387392
Qwen3.5-2B,self_attn.o_proj,11,8.5078125,16777216,3.25,4,64,8,128,1570915520,3298387392
Qwen3.5-2B,mlp.up_proj,20,5.206294685602188,13421888,3.25,3,64,8,128,1570915520,3298387392
Qwen3.5-2B,mlp.up_proj,9,5.206294685602188,13421888,3.25,3,64,8,128,1570915520,3298387392
Qwen3.5-2B,mlp.gate_proj,8,5.206294685602188,13421888,3.25,3,64,8,128,1570915520,3298387392
Qwen3.5-2B,mlp.up_proj,7,5.206294685602188,13421888,3.25,3,64,8,128,1570915520,3298387392
Qwen3.5-2B,self_attn.k_proj,7,2.126953125,4194304,3.25,4,64,8,128,1570915520,3298387392
Qwen3.5-2B,mlp.gate_proj,1,5.206294685602188,13421888,3.25,3,64,8,128,1570915520,3298387392
Qwen3.5-2B,mlp.up_proj,10,5.206294685602188,13421888,3.25,3,64,8,128,1570915520,3298387392
Qwen3.5-2B,mlp.up_proj,8,5.206294685602188,13421888,3.25,3,64,8,128,1570915520,3298387392
Qwen3.5-2B,self_attn.v_proj,11,2.126953125,4194304,3.25,4,64,8,128,1570915520,3298387392
Qwen3.5-2B,self_attn.k_proj,23,2.126953125,4194304,3.25,4,64,8,128,1570915520,3298387392
Qwen3.5-2B,mlp.gate_proj,5,5.206294685602188,13421888,3.25,3,64,8,128,1570915520,3298387392
Qwen3.5-2B,mlp.gate_proj,13,5.206294685602188,13421888,3.25,3,64,8,128,1570915520,3298387392
Qwen3.5-2B,mlp.up_proj,2,5.206294685602188,13421888,3.25,3,64,8,128,1570915520,3298387392
Qwen3.5-2B,mlp.up_proj,0,5.206294685602188,13421888,3.25,3,64,8,128,1570915520,3298387392
Qwen3.5-2B,mlp.down_proj,1,5.206294685602188,13421888,3.25,3,64,8,128,1570915520,3298387392
Qwen3.5-2B,self_attn.v_proj,19,2.126953125,4194304,3.25,4,64,8,128,1570915520,3298387392
Qwen3.5-2B,mlp.gate_proj,12,5.206294685602188,13421888,3.25,3,64,8,128,1570915520,3298387392
Qwen3.5-2B,mlp.up_proj,12,5.206294685602188,13421888,3.25,3,64,8,128,1570915520,3298387392
Qwen3.5-2B,mlp.down_proj,5,5.6125481724739075,13421888,3.51,3,32,8,128,1570914560,3298386432
Qwen3.5-2B,self_attn.q_proj,7,17.015625,33554432,3.51,4,64,8,128,1570914560,3298386432
Qwen3.5-2B,mlp.down_proj,9,5.6125481724739075,13421888,3.51,3,32,8,128,1570914560,3298386432
Qwen3.5-2B,self_attn.k_proj,15,2.126953125,4194304,3.51,4,64,8,128,1570914560,3298386432
Qwen3.5-2B,mlp.down_proj,10,5.6125481724739075,13421888,3.51,3,32,8,128,1570914560,3298386432
Qwen3.5-2B,mlp.down_proj,3,25.5234375,50331648,3.51,4,64,8,128,1570914560,3298386432
Qwen3.5-2B,mlp.gate_proj,18,5.6125481724739075,13421888,3.51,3,32,8,128,1570914560,3298386432
Qwen3.5-2B,mlp.gate_proj,19,5.6125481724739075,13421888,3.51,3,32,8,128,1570914560,3298386432
Qwen3.5-2B,mlp.up_proj,16,25.5234375,50331648,3.51,4,64,8,128,1570914560,3298386432
Qwen3.5-2B,mlp.gate_proj,16,5.6125481724739075,13421888,3.51,3,32,8,128,1570914560,3298386432
Qwen3.5-2B,mlp.down_proj,4,5.6125481724739075,13421888,3.51,3,32,8,128,1570914560,3298386432
Qwen3.5-2B,mlp.up_proj,6,5.6125481724739075,13421888,3.51,3,32,8,128,1570914560,3298386432
Qwen3.5-2B,self_attn.o_proj,15,8.5078125,16777216,3.51,4,64,8,128,1570914560,3298386432
Qwen3.5-2B,mlp.up_proj,18,5.6125481724739075,13421888,3.51,3,32,8,128,1570914560,3298386432
Qwen3.5-2B,self_attn.q_proj,23,17.015625,33554432,3.51,4,64,8,128,1570914560,3298386432
Qwen3.5-2B,mlp.gate_proj,10,5.6125481724739075,13421888,3.51,3,32,8,128,1570914560,3298386432
Qwen3.5-2B,mlp.gate_proj,7,5.6125481724739075,13421888,3.51,3,32,8,128,1570914560,3298386432
Qwen3.5-2B,mlp.up_proj,21,5.6125481724739075,13421888,3.51,3,32,8,128,1570914560,3298386432
Qwen3.5-2B,mlp.down_proj,22,5.6125481724739075,13421888,3.51,3,32,8,128,1570914560,3298386432
Qwen3.5-2B,self_attn.v_proj,3,0.4677279591560364,1118528,3.51,3,32,8,128,1570914560,3298386432
Qwen3.5-2B,mlp.up_proj,5,5.6125481724739075,13421888,3.51,3,32,8,128,1570914560,3298386432
Qwen3.5-2B,mlp.gate_proj,6,5.6125481724739075,13421888,3.51,3,32,8,128,1570914560,3298386432
Qwen3.5-2B,mlp.gate_proj,14,25.5234375,50331648,3.51,4,64,8,128,1570914560,3298386432
Qwen3.5-2B,mlp.gate_proj,20,5.6125481724739075,13421888,3.51,3,32,8,128,1570914560,3298386432
Qwen3.5-2B,mlp.up_proj,17,5.6125481724739075,13421888,3.51,3,32,8,128,1570914560,3298386432
Qwen3.5-2B,mlp.down_proj,19,5.6125481724739075,13421888,3.51,3,32,8,128,1570914560,3298386432
Qwen3.5-2B,self_attn.o_proj,7,8.5078125,16777216,3.51,4,64,8,128,1570914560,3298386432
Qwen3.5-2B,mlp.down_proj,13,5.6125481724739075,13421888,3.51,3,32,8,128,1570914560,3298386432
Qwen3.5-2B,mlp.gate_proj,0,5.6125481724739075,13421888,3.51,3,32,8,128,1570914560,3298386432
Qwen3.5-2B,mlp.gate_proj,9,5.6125481724739075,13421888,3.51,3,32,8,128,1570914560,3298386432
Qwen3.5-2B,mlp.down_proj,15,5.6125481724739075,13421888,3.51,3,32,8,128,1570914560,3298386432
Qwen3.5-2B,mlp.gate_proj,22,5.6125481724739075,13421888,3.51,3,32,8,128,1570914560,3298386432
Qwen3.5-2B,self_attn.o_proj,23,8.5078125,16777216,3.51,4,64,8,128,1570914560,3298386432
Qwen3.5-2B,mlp.gate_proj,23,5.6125481724739075,13421888,3.51,3,32,8,128,1570914560,3298386432
Qwen3.5-2B,self_attn.q_proj,15,17.015625,33554432,3.51,4,64,8,128,1570914560,3298386432
Qwen3.5-2B,mlp.down_proj,20,5.6125481724739075,13421888,3.51,3,32,8,128,1570914560,3298386432
Qwen3.5-2B,mlp.down_proj,18,5.6125481724739075,13421888,3.51,3,32,8,128,1570914560,3298386432
Qwen3.5-2B,mlp.down_proj,2,25.5234375,50331648,3.51,4,64,8,128,1570914560,3298386432
Qwen3.5-2B,mlp.up_proj,22,5.6125481724739075,13421888,3.51,3,32,8,128,1570914560,3298386432
Qwen3.5-2B,mlp.down_proj,21,5.6125481724739075,13421888,3.51,3,32,8,128,1570914560,3298386432
Qwen3.5-2B,mlp.up_proj,15,5.6125481724739075,13421888,3.51,3,32,8,128,1570914560,3298386432
Qwen3.5-2B,self_attn.v_proj,23,2.126953125,4194304,3.51,4,64,8,128,1570914560,3298386432
Qwen3.5-2B,self_attn.k_proj,11,2.126953125,4194304,3.51,4,64,8,128,1570914560,3298386432
Qwen3.5-2B,mlp.gate_proj,17,5.6125481724739075,13421888,3.51,3,32,8,128,1570914560,3298386432
Qwen3.5-2B,mlp.up_proj,23,25.5234375,50331648,3.51,4,64,8,128,1570914560,3298386432
Qwen3.5-2B,self_attn.k_proj,19,2.126953125,4194304,3.51,4,64,8,128,1570914560,3298386432
Qwen3.5-2B,mlp.gate_proj,15,25.5234375,50331648,3.51,4,64,8,128,1570914560,3298386432
Qwen3.5-2B,mlp.up_proj,3,5.6125481724739075,13421888,3.51,3,32,8,128,1570914560,3298386432
Qwen3.5-2B,self_attn.q_proj,11,17.015625,33554432,3.51,4,64,8,128,1570914560,3298386432
Qwen3.5-2B,mlp.down_proj,8,5.6125481724739075,13421888,3.51,3,32,8,128,1570914560,3298386432
Qwen3.5-2B,self_attn.o_proj,19,8.5078125,16777216,3.51,4,64,8,128,1570914560,3298386432
Qwen3.5-2B,mlp.gate_proj,4,5.6125481724739075,13421888,3.51,3,32,8,128,1570914560,3298386432
Qwen3.5-2B,mlp.up_proj,1,5.6125481724739075,13421888,3.51,3,32,8,128,1570914560,3298386432
Qwen3.5-2B,mlp.up_proj,19,5.6125481724739075,13421888,3.51,3,32,8,128,1570914560,3298386432
Qwen3.5-2B,mlp.up_proj,4,5.6125481724739075,13421888,3.51,3,32,8,128,1570914560,3298386432
Qwen3.5-2B,mlp.down_proj,14,5.6125481724739075,13421888,3.51,3,32,8,128,1570914560,3298386432
Qwen3.5-2B,mlp.gate_proj,2,5.6125481724739075,13421888,3.51,3,32,8,128,1570914560,3298386432
Qwen3.5-2B,mlp.up_proj,13,5.6125481724739075,13421888,3.51,3,32,8,128,1570914560,3298386432
Qwen3.5-2B,mlp.gate_proj,3,5.6125481724739075,13421888,3.51,3,32,8,128,1570914560,3298386432
Qwen3.5-2B,mlp.down_proj,7,5.6125481724739075,13421888,3.51,3,32,8,128,1570914560,3298386432
Qwen3.5-2B,self_attn.q_proj,19,17.015625,33554432,3.51,4,64,8,128,1570914560,3298386432
Qwen3.5-2B,mlp.down_proj,16,5.6125481724739075,13421888,3.51,3,32,8,128,1570914560,3298386432
Qwen3.5-2B,mlp.down_proj,23,25.5234375,50331648,3.51,4,64,8,128,1570914560,3298386432
Qwen3.5-2B,mlp.down_proj,17,5.6125481724739075,13421888,3.51,3,32,8,128,1570914560,3298386432
Qwen3.5-2B,self_attn.k_proj,3,0.4677279591560364,1118528,3.51,3,32,8,128,1570914560,3298386432
Qwen3.5-2B,mlp.gate_proj,21,5.6125481724739075,13421888,3.51,3,32,8,128,1570914560,3298386432
Qwen3.5-2B,mlp.gate_proj,11,5.6125481724739075,13421888,3.51,3,32,8,128,1570914560,3298386432
Qwen3.5-2B,self_attn.v_proj,7,2.126953125,4194304,3.51,4,64,8,128,1570914560,3298386432
Qwen3.5-2B,self_attn.o_proj,3,1.8709385991096497,4474176,3.51,3,32,8,128,1570914560,3298386432
Qwen3.5-2B,mlp.down_proj,0,5.6125481724739075,13421888,3.51,3,32,8,128,1570914560,3298386432
Qwen3.5-2B,self_attn.q_proj,3,3.7417433857917786,8948032,3.51,3,32,8,128,1570914560,3298386432
Qwen3.5-2B,mlp.up_proj,11,5.6125481724739075,13421888,3.51,3,32,8,128,1570914560,3298386432
Qwen3.5-2B,self_attn.v_proj,15,2.126953125,4194304,3.51,4,64,8,128,1570914560,3298386432
Qwen3.5-2B,mlp.down_proj,6,5.6125481724739075,13421888,3.51,3,32,8,128,1570914560,3298386432
Qwen3.5-2B,mlp.down_proj,12,5.6125481724739075,13421888,3.51,3,32,8,128,1570914560,3298386432
Qwen3.5-2B,mlp.up_proj,14,25.5234375,50331648,3.51,4,64,8,128,1570914560,3298386432
Qwen3.5-2B,mlp.down_proj,11,5.6125481724739075,13421888,3.51,3,32,8,128,1570914560,3298386432
Qwen3.5-2B,self_attn.o_proj,11,8.5078125,16777216,3.51,4,64,8,128,1570914560,3298386432
Qwen3.5-2B,mlp.up_proj,20,5.6125481724739075,13421888,3.51,3,32,8,128,1570914560,3298386432
Qwen3.5-2B,mlp.up_proj,9,5.6125481724739075,13421888,3.51,3,32,8,128,1570914560,3298386432
Qwen3.5-2B,mlp.gate_proj,8,5.6125481724739075,13421888,3.51,3,32,8,128,1570914560,3298386432
Qwen3.5-2B,mlp.up_proj,7,5.6125481724739075,13421888,3.51,3,32,8,128,1570914560,3298386432
Qwen3.5-2B,self_attn.k_proj,7,2.126953125,4194304,3.51,4,64,8,128,1570914560,3298386432
Qwen3.5-2B,mlp.gate_proj,1,5.6125481724739075,13421888,3.51,3,32,8,128,1570914560,3298386432
Qwen3.5-2B,mlp.up_proj,10,5.6125481724739075,13421888,3.51,3,32,8,128,1570914560,3298386432
Qwen3.5-2B,mlp.up_proj,8,5.6125481724739075,13421888,3.51,3,32,8,128,1570914560,3298386432
Qwen3.5-2B,self_attn.v_proj,11,2.126953125,4194304,3.51,4,64,8,128,1570914560,3298386432
Qwen3.5-2B,self_attn.k_proj,23,2.126953125,4194304,3.51,4,64,8,128,1570914560,3298386432
Qwen3.5-2B,mlp.gate_proj,5,5.6125481724739075,13421888,3.51,3,32,8,128,1570914560,3298386432
Qwen3.5-2B,mlp.gate_proj,13,5.6125481724739075,13421888,3.51,3,32,8,128,1570914560,3298386432
Qwen3.5-2B,mlp.up_proj,2,5.6125481724739075,13421888,3.51,3,32,8,128,1570914560,3298386432
Qwen3.5-2B,mlp.up_proj,0,5.6125481724739075,13421888,3.51,3,32,8,128,1570914560,3298386432
Qwen3.5-2B,mlp.down_proj,1,5.6125481724739075,13421888,3.51,3,32,8,128,1570914560,3298386432
Qwen3.5-2B,self_attn.v_proj,19,2.126953125,4194304,3.51,4,64,8,128,1570914560,3298386432
Qwen3.5-2B,mlp.gate_proj,12,5.6125481724739075,13421888,3.51,3,32,8,128,1570914560,3298386432
Qwen3.5-2B,mlp.up_proj,12,5.6125481724739075,13421888,3.51,3,32,8,128,1570914560,3298386432
Qwen3.5-2B,mlp.down_proj,5,24.76171875,50331648,4.13,4,128,8,128,3976200192,5703672064
Qwen3.5-2B,self_attn.q_proj,7,17.015625,33554432,4.13,4,64,8,128,3976200192,5703672064
Qwen3.5-2B,mlp.down_proj,9,24.76171875,50331648,4.13,4,128,8,128,3976200192,5703672064
Qwen3.5-2B,self_attn.k_proj,15,2.126953125,4194304,4.13,4,64,8,128,3976200192,5703672064
Qwen3.5-2B,mlp.down_proj,10,24.76171875,50331648,4.13,4,128,8,128,3976200192,5703672064
Qwen3.5-2B,mlp.down_proj,3,27.046875,50331648,4.13,4,32,8,128,3976200192,5703672064
Qwen3.5-2B,mlp.gate_proj,18,24.76171875,50331648,4.13,4,128,8,128,3976200192,5703672064
Qwen3.5-2B,mlp.gate_proj,19,24.76171875,50331648,4.13,4,128,8,128,3976200192,5703672064
Qwen3.5-2B,mlp.up_proj,16,27.046875,50331648,4.13,4,32,8,128,3976200192,5703672064
Qwen3.5-2B,mlp.gate_proj,16,24.76171875,50331648,4.13,4,128,8,128,3976200192,5703672064
Qwen3.5-2B,mlp.down_proj,4,24.76171875,50331648,4.13,4,128,8,128,3976200192,5703672064
Qwen3.5-2B,mlp.up_proj,6,24.76171875,50331648,4.13,4,128,8,128,3976200192,5703672064
Qwen3.5-2B,self_attn.o_proj,15,8.5078125,16777216,4.13,4,64,8,128,3976200192,5703672064
Qwen3.5-2B,mlp.up_proj,18,24.76171875,50331648,4.13,4,128,8,128,3976200192,5703672064
Qwen3.5-2B,self_attn.q_proj,23,17.015625,33554432,4.13,4,64,8,128,3976200192,5703672064
Qwen3.5-2B,mlp.gate_proj,10,24.76171875,50331648,4.13,4,128,8,128,3976200192,5703672064
Qwen3.5-2B,mlp.gate_proj,7,24.76171875,50331648,4.13,4,128,8,128,3976200192,5703672064
Qwen3.5-2B,mlp.up_proj,21,24.76171875,50331648,4.13,4,128,8,128,3976200192,5703672064
Qwen3.5-2B,mlp.down_proj,22,24.76171875,50331648,4.13,4,128,8,128,3976200192,5703672064
Qwen3.5-2B,self_attn.v_proj,3,2.0634765625,4194304,4.13,4,128,8,128,3976200192,5703672064
Qwen3.5-2B,mlp.up_proj,5,24.76171875,50331648,4.13,4,128,8,128,3976200192,5703672064
Qwen3.5-2B,mlp.gate_proj,6,24.76171875,50331648,4.13,4,128,8,128,3976200192,5703672064
Qwen3.5-2B,mlp.gate_proj,14,27.046875,50331648,4.13,4,32,8,128,3976200192,5703672064
Qwen3.5-2B,mlp.gate_proj,20,24.76171875,50331648,4.13,4,128,8,128,3976200192,5703672064
Qwen3.5-2B,mlp.up_proj,17,24.76171875,50331648,4.13,4,128,8,128,3976200192,5703672064
Qwen3.5-2B,mlp.down_proj,19,24.76171875,50331648,4.13,4,128,8,128,3976200192,5703672064
Qwen3.5-2B,self_attn.o_proj,7,8.5078125,16777216,4.13,4,64,8,128,3976200192,5703672064
Qwen3.5-2B,mlp.down_proj,13,24.76171875,50331648,4.13,4,128,8,128,3976200192,5703672064
Qwen3.5-2B,mlp.gate_proj,0,24.76171875,50331648,4.13,4,128,8,128,3976200192,5703672064
Qwen3.5-2B,mlp.gate_proj,9,24.76171875,50331648,4.13,4,128,8,128,3976200192,5703672064
Qwen3.5-2B,mlp.down_proj,15,24.76171875,50331648,4.13,4,128,8,128,3976200192,5703672064
Qwen3.5-2B,mlp.gate_proj,22,24.76171875,50331648,4.13,4,128,8,128,3976200192,5703672064
Qwen3.5-2B,self_attn.o_proj,23,8.5078125,16777216,4.13,4,64,8,128,3976200192,5703672064
Qwen3.5-2B,mlp.gate_proj,23,24.76171875,50331648,4.13,4,128,8,128,3976200192,5703672064
Qwen3.5-2B,self_attn.q_proj,15,17.015625,33554432,4.13,4,64,8,128,3976200192,5703672064
Qwen3.5-2B,mlp.down_proj,20,24.76171875,50331648,4.13,4,128,8,128,3976200192,5703672064
Qwen3.5-2B,mlp.down_proj,18,24.76171875,50331648,4.13,4,128,8,128,3976200192,5703672064
Qwen3.5-2B,mlp.down_proj,2,27.046875,50331648,4.13,4,32,8,128,3976200192,5703672064
Qwen3.5-2B,mlp.up_proj,22,24.76171875,50331648,4.13,4,128,8,128,3976200192,5703672064
Qwen3.5-2B,mlp.down_proj,21,24.76171875,50331648,4.13,4,128,8,128,3976200192,5703672064
Qwen3.5-2B,mlp.up_proj,15,24.76171875,50331648,4.13,4,128,8,128,3976200192,5703672064
Qwen3.5-2B,self_attn.v_proj,23,2.126953125,4194304,4.13,4,64,8,128,3976200192,5703672064
Qwen3.5-2B,self_attn.k_proj,11,2.126953125,4194304,4.13,4,64,8,128,3976200192,5703672064
Qwen3.5-2B,mlp.gate_proj,17,24.76171875,50331648,4.13,4,128,8,128,3976200192,5703672064
Qwen3.5-2B,mlp.up_proj,23,27.046875,50331648,4.13,4,32,8,128,3976200192,5703672064
Qwen3.5-2B,self_attn.k_proj,19,2.126953125,4194304,4.13,4,64,8,128,3976200192,5703672064
Qwen3.5-2B,mlp.gate_proj,15,27.046875,50331648,4.13,4,32,8,128,3976200192,5703672064
Qwen3.5-2B,mlp.up_proj,3,24.76171875,50331648,4.13,4,128,8,128,3976200192,5703672064
Qwen3.5-2B,self_attn.q_proj,11,17.015625,33554432,4.13,4,64,8,128,3976200192,5703672064
Qwen3.5-2B,mlp.down_proj,8,24.76171875,50331648,4.13,4,128,8,128,3976200192,5703672064
Qwen3.5-2B,self_attn.o_proj,19,8.5078125,16777216,4.13,4,64,8,128,3976200192,5703672064
Qwen3.5-2B,mlp.gate_proj,4,24.76171875,50331648,4.13,4,128,8,128,3976200192,5703672064
Qwen3.5-2B,mlp.up_proj,1,24.76171875,50331648,4.13,4,128,8,128,3976200192,5703672064
Qwen3.5-2B,mlp.up_proj,19,24.76171875,50331648,4.13,4,128,8,128,3976200192,5703672064
Qwen3.5-2B,mlp.up_proj,4,24.76171875,50331648,4.13,4,128,8,128,3976200192,5703672064
Qwen3.5-2B,mlp.down_proj,14,24.76171875,50331648,4.13,4,128,8,128,3976200192,5703672064
Qwen3.5-2B,mlp.gate_proj,2,24.76171875,50331648,4.13,4,128,8,128,3976200192,5703672064
Qwen3.5-2B,mlp.up_proj,13,24.76171875,50331648,4.13,4,128,8,128,3976200192,5703672064
Qwen3.5-2B,mlp.gate_proj,3,24.76171875,50331648,4.13,4,128,8,128,3976200192,5703672064
Qwen3.5-2B,mlp.down_proj,7,24.76171875,50331648,4.13,4,128,8,128,3976200192,5703672064
Qwen3.5-2B,self_attn.q_proj,19,17.015625,33554432,4.13,4,64,8,128,3976200192,5703672064
Qwen3.5-2B,mlp.down_proj,16,24.76171875,50331648,4.13,4,128,8,128,3976200192,5703672064
Qwen3.5-2B,mlp.down_proj,23,27.046875,50331648,4.13,4,32,8,128,3976200192,5703672064
Qwen3.5-2B,mlp.down_proj,17,24.76171875,50331648,4.13,4,128,8,128,3976200192,5703672064
Qwen3.5-2B,self_attn.k_proj,3,2.0634765625,4194304,4.13,4,128,8,128,3976200192,5703672064
Qwen3.5-2B,mlp.gate_proj,21,24.76171875,50331648,4.13,4,128,8,128,3976200192,5703672064
Qwen3.5-2B,mlp.gate_proj,11,24.76171875,50331648,4.13,4,128,8,128,3976200192,5703672064
Qwen3.5-2B,self_attn.v_proj,7,2.126953125,4194304,4.13,4,64,8,128,3976200192,5703672064
Qwen3.5-2B,self_attn.o_proj,3,8.25390625,16777216,4.13,4,128,8,128,3976200192,5703672064
Qwen3.5-2B,mlp.down_proj,0,24.76171875,50331648,4.13,4,128,8,128,3976200192,5703672064
Qwen3.5-2B,self_attn.q_proj,3,16.5078125,33554432,4.13,4,128,8,128,3976200192,5703672064
Qwen3.5-2B,mlp.up_proj,11,24.76171875,50331648,4.13,4,128,8,128,3976200192,5703672064
Qwen3.5-2B,self_attn.v_proj,15,2.126953125,4194304,4.13,4,64,8,128,3976200192,5703672064
Qwen3.5-2B,mlp.down_proj,6,24.76171875,50331648,4.13,4,128,8,128,3976200192,5703672064
Qwen3.5-2B,mlp.down_proj,12,24.76171875,50331648,4.13,4,128,8,128,3976200192,5703672064
Qwen3.5-2B,mlp.up_proj,14,27.046875,50331648,4.13,4,32,8,128,3976200192,5703672064
Qwen3.5-2B,mlp.down_proj,11,24.76171875,50331648,4.13,4,128,8,128,3976200192,5703672064
Qwen3.5-2B,self_attn.o_proj,11,8.5078125,16777216,4.13,4,64,8,128,3976200192,5703672064
Qwen3.5-2B,mlp.up_proj,20,24.76171875,50331648,4.13,4,128,8,128,3976200192,5703672064
Qwen3.5-2B,mlp.up_proj,9,24.76171875,50331648,4.13,4,128,8,128,3976200192,5703672064
Qwen3.5-2B,mlp.gate_proj,8,24.76171875,50331648,4.13,4,128,8,128,3976200192,5703672064
Qwen3.5-2B,mlp.up_proj,7,24.76171875,50331648,4.13,4,128,8,128,3976200192,5703672064
Qwen3.5-2B,self_attn.k_proj,7,2.126953125,4194304,4.13,4,64,8,128,3976200192,5703672064
Qwen3.5-2B,mlp.gate_proj,1,24.76171875,50331648,4.13,4,128,8,128,3976200192,5703672064
Qwen3.5-2B,mlp.up_proj,10,24.76171875,50331648,4.13,4,128,8,128,3976200192,5703672064
Qwen3.5-2B,mlp.up_proj,8,24.76171875,50331648,4.13,4,128,8,128,3976200192,5703672064
Qwen3.5-2B,self_attn.v_proj,11,2.126953125,4194304,4.13,4,64,8,128,3976200192,5703672064
Qwen3.5-2B,self_attn.k_proj,23,2.126953125,4194304,4.13,4,64,8,128,3976200192,5703672064
Qwen3.5-2B,mlp.gate_proj,5,24.76171875,50331648,4.13,4,128,8,128,3976200192,5703672064
Qwen3.5-2B,mlp.gate_proj,13,24.76171875,50331648,4.13,4,128,8,128,3976200192,5703672064
Qwen3.5-2B,mlp.up_proj,2,24.76171875,50331648,4.13,4,128,8,128,3976200192,5703672064
Qwen3.5-2B,mlp.up_proj,0,24.76171875,50331648,4.13,4,128,8,128,3976200192,5703672064
Qwen3.5-2B,mlp.down_proj,1,24.76171875,50331648,4.13,4,128,8,128,3976200192,5703672064
Qwen3.5-2B,self_attn.v_proj,19,2.126953125,4194304,4.13,4,64,8,128,3976200192,5703672064
Qwen3.5-2B,mlp.gate_proj,12,24.76171875,50331648,4.13,4,128,8,128,3976200192,5703672064
Qwen3.5-2B,mlp.up_proj,12,24.76171875,50331648,4.13,4,128,8,128,3976200192,5703672064
Qwen3.5-2B,mlp.down_proj,5,25.5234375,50331648,4.25,4,64,8,128,3976200192,5703672064
Qwen3.5-2B,self_attn.q_proj,7,17.015625,33554432,4.25,4,64,8,128,3976200192,5703672064
Qwen3.5-2B,mlp.down_proj,9,25.5234375,50331648,4.25,4,64,8,128,3976200192,5703672064
Qwen3.5-2B,self_attn.k_proj,15,2.126953125,4194304,4.25,4,64,8,128,3976200192,5703672064
Qwen3.5-2B,mlp.down_proj,10,25.5234375,50331648,4.25,4,64,8,128,3976200192,5703672064
Qwen3.5-2B,mlp.down_proj,3,48.76171875,50331648,4.25,8,128,8,128,3976200192,5703672064
Qwen3.5-2B,mlp.gate_proj,18,25.5234375,50331648,4.25,4,64,8,128,3976200192,5703672064
Qwen3.5-2B,mlp.gate_proj,19,25.5234375,50331648,4.25,4,64,8,128,3976200192,5703672064
Qwen3.5-2B,mlp.up_proj,16,48.76171875,50331648,4.25,8,128,8,128,3976200192,5703672064
Qwen3.5-2B,mlp.gate_proj,16,25.5234375,50331648,4.25,4,64,8,128,3976200192,5703672064
Qwen3.5-2B,mlp.down_proj,4,25.5234375,50331648,4.25,4,64,8,128,3976200192,5703672064
Qwen3.5-2B,mlp.up_proj,6,25.5234375,50331648,4.25,4,64,8,128,3976200192,5703672064
Qwen3.5-2B,self_attn.o_proj,15,8.5078125,16777216,4.25,4,64,8,128,3976200192,5703672064
Qwen3.5-2B,mlp.up_proj,18,25.5234375,50331648,4.25,4,64,8,128,3976200192,5703672064
Qwen3.5-2B,self_attn.q_proj,23,17.015625,33554432,4.25,4,64,8,128,3976200192,5703672064
Qwen3.5-2B,mlp.gate_proj,10,25.5234375,50331648,4.25,4,64,8,128,3976200192,5703672064
Qwen3.5-2B,mlp.gate_proj,7,25.5234375,50331648,4.25,4,64,8,128,3976200192,5703672064
Qwen3.5-2B,mlp.up_proj,21,25.5234375,50331648,4.25,4,64,8,128,3976200192,5703672064
Qwen3.5-2B,mlp.down_proj,22,25.5234375,50331648,4.25,4,64,8,128,3976200192,5703672064
Qwen3.5-2B,self_attn.v_proj,3,2.126953125,4194304,4.25,4,64,8,128,3976200192,5703672064
Qwen3.5-2B,mlp.up_proj,5,25.5234375,50331648,4.25,4,64,8,128,3976200192,5703672064
Qwen3.5-2B,mlp.gate_proj,6,25.5234375,50331648,4.25,4,64,8,128,3976200192,5703672064
Qwen3.5-2B,mlp.gate_proj,14,48.76171875,50331648,4.25,8,128,8,128,3976200192,5703672064
Qwen3.5-2B,mlp.gate_proj,20,25.5234375,50331648,4.25,4,64,8,128,3976200192,5703672064
Qwen3.5-2B,mlp.up_proj,17,25.5234375,50331648,4.25,4,64,8,128,3976200192,5703672064
Qwen3.5-2B,mlp.down_proj,19,25.5234375,50331648,4.25,4,64,8,128,3976200192,5703672064
Qwen3.5-2B,self_attn.o_proj,7,8.5078125,16777216,4.25,4,64,8,128,3976200192,5703672064
Qwen3.5-2B,mlp.down_proj,13,25.5234375,50331648,4.25,4,64,8,128,3976200192,5703672064
Qwen3.5-2B,mlp.gate_proj,0,25.5234375,50331648,4.25,4,64,8,128,3976200192,5703672064
Qwen3.5-2B,mlp.gate_proj,9,25.5234375,50331648,4.25,4,64,8,128,3976200192,5703672064
Qwen3.5-2B,mlp.down_proj,15,25.5234375,50331648,4.25,4,64,8,128,3976200192,5703672064
Qwen3.5-2B,mlp.gate_proj,22,25.5234375,50331648,4.25,4,64,8,128,3976200192,5703672064
Qwen3.5-2B,self_attn.o_proj,23,8.5078125,16777216,4.25,4,64,8,128,3976200192,5703672064
Qwen3.5-2B,mlp.gate_proj,23,25.5234375,50331648,4.25,4,64,8,128,3976200192,5703672064
Qwen3.5-2B,self_attn.q_proj,15,17.015625,33554432,4.25,4,64,8,128,3976200192,5703672064
Qwen3.5-2B,mlp.down_proj,20,25.5234375,50331648,4.25,4,64,8,128,3976200192,5703672064
Qwen3.5-2B,mlp.down_proj,18,25.5234375,50331648,4.25,4,64,8,128,3976200192,5703672064
Qwen3.5-2B,mlp.down_proj,2,48.76171875,50331648,4.25,8,128,8,128,3976200192,5703672064
Qwen3.5-2B,mlp.up_proj,22,25.5234375,50331648,4.25,4,64,8,128,3976200192,5703672064
Qwen3.5-2B,mlp.down_proj,21,25.5234375,50331648,4.25,4,64,8,128,3976200192,5703672064
Qwen3.5-2B,mlp.up_proj,15,25.5234375,50331648,4.25,4,64,8,128,3976200192,5703672064
Qwen3.5-2B,self_attn.v_proj,23,2.126953125,4194304,4.25,4,64,8,128,3976200192,5703672064
Qwen3.5-2B,self_attn.k_proj,11,2.126953125,4194304,4.25,4,64,8,128,3976200192,5703672064
Qwen3.5-2B,mlp.gate_proj,17,25.5234375,50331648,4.25,4,64,8,128,3976200192,5703672064
Qwen3.5-2B,mlp.up_proj,23,48.76171875,50331648,4.25,8,128,8,128,3976200192,5703672064
Qwen3.5-2B,self_attn.k_proj,19,2.126953125,4194304,4.25,4,64,8,128,3976200192,5703672064
Qwen3.5-2B,mlp.gate_proj,15,48.76171875,50331648,4.25,8,128,8,128,3976200192,5703672064
Qwen3.5-2B,mlp.up_proj,3,25.5234375,50331648,4.25,4,64,8,128,3976200192,5703672064
Qwen3.5-2B,self_attn.q_proj,11,17.015625,33554432,4.25,4,64,8,128,3976200192,5703672064
Qwen3.5-2B,mlp.down_proj,8,25.5234375,50331648,4.25,4,64,8,128,3976200192,5703672064
Qwen3.5-2B,self_attn.o_proj,19,8.5078125,16777216,4.25,4,64,8,128,3976200192,5703672064
Qwen3.5-2B,mlp.gate_proj,4,25.5234375,50331648,4.25,4,64,8,128,3976200192,5703672064
Qwen3.5-2B,mlp.up_proj,1,25.5234375,50331648,4.25,4,64,8,128,3976200192,5703672064
Qwen3.5-2B,mlp.up_proj,19,25.5234375,50331648,4.25,4,64,8,128,3976200192,5703672064
Qwen3.5-2B,mlp.up_proj,4,25.5234375,50331648,4.25,4,64,8,128,3976200192,5703672064
Qwen3.5-2B,mlp.down_proj,14,25.5234375,50331648,4.25,4,64,8,128,3976200192,5703672064
Qwen3.5-2B,mlp.gate_proj,2,25.5234375,50331648,4.25,4,64,8,128,3976200192,5703672064
Qwen3.5-2B,mlp.up_proj,13,25.5234375,50331648,4.25,4,64,8,128,3976200192,5703672064
Qwen3.5-2B,mlp.gate_proj,3,25.5234375,50331648,4.25,4,64,8,128,3976200192,5703672064
Qwen3.5-2B,mlp.down_proj,7,25.5234375,50331648,4.25,4,64,8,128,3976200192,5703672064
Qwen3.5-2B,self_attn.q_proj,19,17.015625,33554432,4.25,4,64,8,128,3976200192,5703672064
Qwen3.5-2B,mlp.down_proj,16,25.5234375,50331648,4.25,4,64,8,128,3976200192,5703672064
Qwen3.5-2B,mlp.down_proj,23,48.76171875,50331648,4.25,8,128,8,128,3976200192,5703672064
Qwen3.5-2B,mlp.down_proj,17,25.5234375,50331648,4.25,4,64,8,128,3976200192,5703672064
Qwen3.5-2B,self_attn.k_proj,3,2.126953125,4194304,4.25,4,64,8,128,3976200192,5703672064
Qwen3.5-2B,mlp.gate_proj,21,25.5234375,50331648,4.25,4,64,8,128,3976200192,5703672064
Qwen3.5-2B,mlp.gate_proj,11,25.5234375,50331648,4.25,4,64,8,128,3976200192,5703672064
Qwen3.5-2B,self_attn.v_proj,7,2.126953125,4194304,4.25,4,64,8,128,3976200192,5703672064
Qwen3.5-2B,self_attn.o_proj,3,8.5078125,16777216,4.25,4,64,8,128,3976200192,5703672064
Qwen3.5-2B,mlp.down_proj,0,25.5234375,50331648,4.25,4,64,8,128,3976200192,5703672064
Qwen3.5-2B,self_attn.q_proj,3,17.015625,33554432,4.25,4,64,8,128,3976200192,5703672064
Qwen3.5-2B,mlp.up_proj,11,25.5234375,50331648,4.25,4,64,8,128,3976200192,5703672064
Qwen3.5-2B,self_attn.v_proj,15,2.126953125,4194304,4.25,4,64,8,128,3976200192,5703672064
Qwen3.5-2B,mlp.down_proj,6,25.5234375,50331648,4.25,4,64,8,128,3976200192,5703672064
Qwen3.5-2B,mlp.down_proj,12,25.5234375,50331648,4.25,4,64,8,128,3976200192,5703672064
Qwen3.5-2B,mlp.up_proj,14,48.76171875,50331648,4.25,8,128,8,128,3976200192,5703672064
Qwen3.5-2B,mlp.down_proj,11,25.5234375,50331648,4.25,4,64,8,128,3976200192,5703672064
Qwen3.5-2B,self_attn.o_proj,11,8.5078125,16777216,4.25,4,64,8,128,3976200192,5703672064
Qwen3.5-2B,mlp.up_proj,20,25.5234375,50331648,4.25,4,64,8,128,3976200192,5703672064
Qwen3.5-2B,mlp.up_proj,9,25.5234375,50331648,4.25,4,64,8,128,3976200192,5703672064
Qwen3.5-2B,mlp.gate_proj,8,25.5234375,50331648,4.25,4,64,8,128,3976200192,5703672064
Qwen3.5-2B,mlp.up_proj,7,25.5234375,50331648,4.25,4,64,8,128,3976200192,5703672064
Qwen3.5-2B,self_attn.k_proj,7,2.126953125,4194304,4.25,4,64,8,128,3976200192,5703672064
Qwen3.5-2B,mlp.gate_proj,1,25.5234375,50331648,4.25,4,64,8,128,3976200192,5703672064
Qwen3.5-2B,mlp.up_proj,10,25.5234375,50331648,4.25,4,64,8,128,3976200192,5703672064
Qwen3.5-2B,mlp.up_proj,8,25.5234375,50331648,4.25,4,64,8,128,3976200192,5703672064
Qwen3.5-2B,self_attn.v_proj,11,2.126953125,4194304,4.25,4,64,8,128,3976200192,5703672064
Qwen3.5-2B,self_attn.k_proj,23,2.126953125,4194304,4.25,4,64,8,128,3976200192,5703672064
Qwen3.5-2B,mlp.gate_proj,5,25.5234375,50331648,4.25,4,64,8,128,3976200192,5703672064
Qwen3.5-2B,mlp.gate_proj,13,25.5234375,50331648,4.25,4,64,8,128,3976200192,5703672064
Qwen3.5-2B,mlp.up_proj,2,25.5234375,50331648,4.25,4,64,8,128,3976200192,5703672064
Qwen3.5-2B,mlp.up_proj,0,25.5234375,50331648,4.25,4,64,8,128,3976200192,5703672064
Qwen3.5-2B,mlp.down_proj,1,25.5234375,50331648,4.25,4,64,8,128,3976200192,5703672064
Qwen3.5-2B,self_attn.v_proj,19,2.126953125,4194304,4.25,4,64,8,128,3976200192,5703672064
Qwen3.5-2B,mlp.gate_proj,12,25.5234375,50331648,4.25,4,64,8,128,3976200192,5703672064
Qwen3.5-2B,mlp.up_proj,12,25.5234375,50331648,4.25,4,64,8,128,3976200192,5703672064
Qwen3.5-2B,mlp.down_proj,5,27.046875,50331648,4.51,4,32,8,128,3976200192,5703672064
Qwen3.5-2B,self_attn.q_proj,7,17.015625,33554432,4.51,4,64,8,128,3976200192,5703672064
Qwen3.5-2B,mlp.down_proj,9,27.046875,50331648,4.51,4,32,8,128,3976200192,5703672064
Qwen3.5-2B,self_attn.k_proj,15,2.126953125,4194304,4.51,4,64,8,128,3976200192,5703672064
Qwen3.5-2B,mlp.down_proj,10,27.046875,50331648,4.51,4,32,8,128,3976200192,5703672064
Qwen3.5-2B,mlp.down_proj,3,49.5234375,50331648,4.51,8,64,8,128,3976200192,5703672064
Qwen3.5-2B,mlp.gate_proj,18,27.046875,50331648,4.51,4,32,8,128,3976200192,5703672064
Qwen3.5-2B,mlp.gate_proj,19,27.046875,50331648,4.51,4,32,8,128,3976200192,5703672064
Qwen3.5-2B,mlp.up_proj,16,49.5234375,50331648,4.51,8,64,8,128,3976200192,5703672064
Qwen3.5-2B,mlp.gate_proj,16,27.046875,50331648,4.51,4,32,8,128,3976200192,5703672064
Qwen3.5-2B,mlp.down_proj,4,27.046875,50331648,4.51,4,32,8,128,3976200192,5703672064
Qwen3.5-2B,mlp.up_proj,6,27.046875,50331648,4.51,4,32,8,128,3976200192,5703672064
Qwen3.5-2B,self_attn.o_proj,15,8.5078125,16777216,4.51,4,64,8,128,3976200192,5703672064
Qwen3.5-2B,mlp.up_proj,18,27.046875,50331648,4.51,4,32,8,128,3976200192,5703672064
Qwen3.5-2B,self_attn.q_proj,23,17.015625,33554432,4.51,4,64,8,128,3976200192,5703672064
Qwen3.5-2B,mlp.gate_proj,10,27.046875,50331648,4.51,4,32,8,128,3976200192,5703672064
Qwen3.5-2B,mlp.gate_proj,7,27.046875,50331648,4.51,4,32,8,128,3976200192,5703672064
Qwen3.5-2B,mlp.up_proj,21,27.046875,50331648,4.51,4,32,8,128,3976200192,5703672064
Qwen3.5-2B,mlp.down_proj,22,27.046875,50331648,4.51,4,32,8,128,3976200192,5703672064
Qwen3.5-2B,self_attn.v_proj,3,2.25390625,4194304,4.51,4,32,8,128,3976200192,5703672064
Qwen3.5-2B,mlp.up_proj,5,27.046875,50331648,4.51,4,32,8,128,3976200192,5703672064
Qwen3.5-2B,mlp.gate_proj,6,27.046875,50331648,4.51,4,32,8,128,3976200192,5703672064
Qwen3.5-2B,mlp.gate_proj,14,49.5234375,50331648,4.51,8,64,8,128,3976200192,5703672064
Qwen3.5-2B,mlp.gate_proj,20,27.046875,50331648,4.51,4,32,8,128,3976200192,5703672064
Qwen3.5-2B,mlp.up_proj,17,27.046875,50331648,4.51,4,32,8,128,3976200192,5703672064
Qwen3.5-2B,mlp.down_proj,19,27.046875,50331648,4.51,4,32,8,128,3976200192,5703672064
Qwen3.5-2B,self_attn.o_proj,7,8.5078125,16777216,4.51,4,64,8,128,3976200192,5703672064
Qwen3.5-2B,mlp.down_proj,13,27.046875,50331648,4.51,4,32,8,128,3976200192,5703672064
Qwen3.5-2B,mlp.gate_proj,0,27.046875,50331648,4.51,4,32,8,128,3976200192,5703672064
Qwen3.5-2B,mlp.gate_proj,9,27.046875,50331648,4.51,4,32,8,128,3976200192,5703672064
Qwen3.5-2B,mlp.down_proj,15,27.046875,50331648,4.51,4,32,8,128,3976200192,5703672064
Qwen3.5-2B,mlp.gate_proj,22,27.046875,50331648,4.51,4,32,8,128,3976200192,5703672064
Qwen3.5-2B,self_attn.o_proj,23,8.5078125,16777216,4.51,4,64,8,128,3976200192,5703672064
Qwen3.5-2B,mlp.gate_proj,23,27.046875,50331648,4.51,4,32,8,128,3976200192,5703672064
Qwen3.5-2B,self_attn.q_proj,15,17.015625,33554432,4.51,4,64,8,128,3976200192,5703672064
Qwen3.5-2B,mlp.down_proj,20,27.046875,50331648,4.51,4,32,8,128,3976200192,5703672064
Qwen3.5-2B,mlp.down_proj,18,27.046875,50331648,4.51,4,32,8,128,3976200192,5703672064
Qwen3.5-2B,mlp.down_proj,2,49.5234375,50331648,4.51,8,64,8,128,3976200192,5703672064
Qwen3.5-2B,mlp.up_proj,22,27.046875,50331648,4.51,4,32,8,128,3976200192,5703672064
Qwen3.5-2B,mlp.down_proj,21,27.046875,50331648,4.51,4,32,8,128,3976200192,5703672064
Qwen3.5-2B,mlp.up_proj,15,27.046875,50331648,4.51,4,32,8,128,3976200192,5703672064
Qwen3.5-2B,self_attn.v_proj,23,2.126953125,4194304,4.51,4,64,8,128,3976200192,5703672064
Qwen3.5-2B,self_attn.k_proj,11,2.126953125,4194304,4.51,4,64,8,128,3976200192,5703672064
Qwen3.5-2B,mlp.gate_proj,17,27.046875,50331648,4.51,4,32,8,128,3976200192,5703672064
Qwen3.5-2B,mlp.up_proj,23,49.5234375,50331648,4.51,8,64,8,128,3976200192,5703672064
Qwen3.5-2B,self_attn.k_proj,19,2.126953125,4194304,4.51,4,64,8,128,3976200192,5703672064
Qwen3.5-2B,mlp.gate_proj,15,49.5234375,50331648,4.51,8,64,8,128,3976200192,5703672064
Qwen3.5-2B,mlp.up_proj,3,27.046875,50331648,4.51,4,32,8,128,3976200192,5703672064
Qwen3.5-2B,self_attn.q_proj,11,17.015625,33554432,4.51,4,64,8,128,3976200192,5703672064
Qwen3.5-2B,mlp.down_proj,8,27.046875,50331648,4.51,4,32,8,128,3976200192,5703672064
Qwen3.5-2B,self_attn.o_proj,19,8.5078125,16777216,4.51,4,64,8,128,3976200192,5703672064
Qwen3.5-2B,mlp.gate_proj,4,27.046875,50331648,4.51,4,32,8,128,3976200192,5703672064
Qwen3.5-2B,mlp.up_proj,1,27.046875,50331648,4.51,4,32,8,128,3976200192,5703672064
Qwen3.5-2B,mlp.up_proj,19,27.046875,50331648,4.51,4,32,8,128,3976200192,5703672064
Qwen3.5-2B,mlp.up_proj,4,27.046875,50331648,4.51,4,32,8,128,3976200192,5703672064
Qwen3.5-2B,mlp.down_proj,14,27.046875,50331648,4.51,4,32,8,128,3976200192,5703672064
Qwen3.5-2B,mlp.gate_proj,2,27.046875,50331648,4.51,4,32,8,128,3976200192,5703672064
Qwen3.5-2B,mlp.up_proj,13,27.046875,50331648,4.51,4,32,8,128,3976200192,5703672064
Qwen3.5-2B,mlp.gate_proj,3,27.046875,50331648,4.51,4,32,8,128,3976200192,5703672064
Qwen3.5-2B,mlp.down_proj,7,27.046875,50331648,4.51,4,32,8,128,3976200192,5703672064
Qwen3.5-2B,self_attn.q_proj,19,17.015625,33554432,4.51,4,64,8,128,3976200192,5703672064
Qwen3.5-2B,mlp.down_proj,16,27.046875,50331648,4.51,4,32,8,128,3976200192,5703672064
Qwen3.5-2B,mlp.down_proj,23,49.5234375,50331648,4.51,8,64,8,128,3976200192,5703672064
Qwen3.5-2B,mlp.down_proj,17,27.046875,50331648,4.51,4,32,8,128,3976200192,5703672064
Qwen3.5-2B,self_attn.k_proj,3,2.25390625,4194304,4.51,4,32,8,128,3976200192,5703672064
Qwen3.5-2B,mlp.gate_proj,21,27.046875,50331648,4.51,4,32,8,128,3976200192,5703672064
Qwen3.5-2B,mlp.gate_proj,11,27.046875,50331648,4.51,4,32,8,128,3976200192,5703672064
Qwen3.5-2B,self_attn.v_proj,7,2.126953125,4194304,4.51,4,64,8,128,3976200192,5703672064
Qwen3.5-2B,self_attn.o_proj,3,9.015625,16777216,4.51,4,32,8,128,3976200192,5703672064
Qwen3.5-2B,mlp.down_proj,0,27.046875,50331648,4.51,4,32,8,128,3976200192,5703672064
Qwen3.5-2B,self_attn.q_proj,3,18.03125,33554432,4.51,4,32,8,128,3976200192,5703672064
Qwen3.5-2B,mlp.up_proj,11,27.046875,50331648,4.51,4,32,8,128,3976200192,5703672064
Qwen3.5-2B,self_attn.v_proj,15,2.126953125,4194304,4.51,4,64,8,128,3976200192,5703672064
Qwen3.5-2B,mlp.down_proj,6,27.046875,50331648,4.51,4,32,8,128,3976200192,5703672064
Qwen3.5-2B,mlp.down_proj,12,27.046875,50331648,4.51,4,32,8,128,3976200192,5703672064
Qwen3.5-2B,mlp.up_proj,14,49.5234375,50331648,4.51,8,64,8,128,3976200192,5703672064
Qwen3.5-2B,mlp.down_proj,11,27.046875,50331648,4.51,4,32,8,128,3976200192,5703672064
Qwen3.5-2B,self_attn.o_proj,11,8.5078125,16777216,4.51,4,64,8,128,3976200192,5703672064
Qwen3.5-2B,mlp.up_proj,20,27.046875,50331648,4.51,4,32,8,128,3976200192,5703672064
Qwen3.5-2B,mlp.up_proj,9,27.046875,50331648,4.51,4,32,8,128,3976200192,5703672064
Qwen3.5-2B,mlp.gate_proj,8,27.046875,50331648,4.51,4,32,8,128,3976200192,5703672064
Qwen3.5-2B,mlp.up_proj,7,27.046875,50331648,4.51,4,32,8,128,3976200192,5703672064
Qwen3.5-2B,self_attn.k_proj,7,2.126953125,4194304,4.51,4,64,8,128,3976200192,5703672064
Qwen3.5-2B,mlp.gate_proj,1,27.046875,50331648,4.51,4,32,8,128,3976200192,5703672064
Qwen3.5-2B,mlp.up_proj,10,27.046875,50331648,4.51,4,32,8,128,3976200192,5703672064
Qwen3.5-2B,mlp.up_proj,8,27.046875,50331648,4.51,4,32,8,128,3976200192,5703672064
Qwen3.5-2B,self_attn.v_proj,11,2.126953125,4194304,4.51,4,64,8,128,3976200192,5703672064
Qwen3.5-2B,self_attn.k_proj,23,2.126953125,4194304,4.51,4,64,8,128,3976200192,5703672064
Qwen3.5-2B,mlp.gate_proj,5,27.046875,50331648,4.51,4,32,8,128,3976200192,5703672064
Qwen3.5-2B,mlp.gate_proj,13,27.046875,50331648,4.51,4,32,8,128,3976200192,5703672064
Qwen3.5-2B,mlp.up_proj,2,27.046875,50331648,4.51,4,32,8,128,3976200192,5703672064
Qwen3.5-2B,mlp.up_proj,0,27.046875,50331648,4.51,4,32,8,128,3976200192,5703672064
Qwen3.5-2B,mlp.down_proj,1,27.046875,50331648,4.51,4,32,8,128,3976200192,5703672064
Qwen3.5-2B,self_attn.v_proj,19,2.126953125,4194304,4.51,4,64,8,128,3976200192,5703672064
Qwen3.5-2B,mlp.gate_proj,12,27.046875,50331648,4.51,4,32,8,128,3976200192,5703672064
Qwen3.5-2B,mlp.up_proj,12,27.046875,50331648,4.51,4,32,8,128,3976200192,5703672064
Qwen3.5-4B,mlp.down_proj,5,9.380859375,25165824,3.13,3,128,8,128,3375016192,5991174912
Qwen3.5-4B,self_attn.q_proj,7,8.338509857654572,22369536,3.13,3,128,8,128,3375016192,5991174912
Qwen3.5-4B,self_attn.q_proj,27,42.5390625,83886080,3.13,4,64,8,128,3375016192,5991174912
Qwen3.5-4B,mlp.up_proj,26,9.380859375,25165824,3.13,3,128,8,128,3375016192,5991174912
Qwen3.5-4B,mlp.down_proj,9,9.380859375,25165824,3.13,3,128,8,128,3375016192,5991174912
Qwen3.5-4B,self_attn.k_proj,15,5.3173828125,10485760,3.13,4,64,8,128,3375016192,5991174912
Qwen3.5-4B,mlp.down_proj,10,9.380859375,25165824,3.13,3,128,8,128,3375016192,5991174912
Qwen3.5-4B,mlp.down_proj,29,9.380859375,25165824,3.13,3,128,8,128,3375016192,5991174912
Qwen3.5-4B,mlp.down_proj,3,9.380859375,25165824,3.13,3,128,8,128,3375016192,5991174912
Qwen3.5-4B,mlp.gate_proj,18,10.5234375,25165824,3.13,3,32,8,128,3375016192,5991174912
Qwen3.5-4B,mlp.gate_proj,19,10.5234375,25165824,3.13,3,32,8,128,3375016192,5991174912
Qwen3.5-4B,mlp.down_proj,31,9.380859375,25165824,3.13,3,128,8,128,3375016192,5991174912
Qwen3.5-4B,self_attn.k_proj,31,5.3173828125,10485760,3.13,4,64,8,128,3375016192,5991174912
Qwen3.5-4B,mlp.up_proj,16,9.380859375,25165824,3.13,3,128,8,128,3375016192,5991174912
Qwen3.5-4B,mlp.gate_proj,16,9.380859375,25165824,3.13,3,128,8,128,3375016192,5991174912
Qwen3.5-4B,mlp.down_proj,4,9.380859375,25165824,3.13,3,128,8,128,3375016192,5991174912
Qwen3.5-4B,mlp.up_proj,6,9.380859375,25165824,3.13,3,128,8,128,3375016192,5991174912
Qwen3.5-4B,mlp.up_proj,18,9.380859375,25165824,3.13,3,128,8,128,3375016192,5991174912
Qwen3.5-4B,self_attn.o_proj,15,21.26953125,41943040,3.13,4,64,8,128,3375016192,5991174912
Qwen3.5-4B,mlp.down_proj,24,9.380859375,25165824,3.13,3,128,8,128,3375016192,5991174912
Qwen3.5-4B,mlp.down_proj,27,9.380859375,25165824,3.13,3,128,8,128,3375016192,5991174912
Qwen3.5-4B,self_attn.q_proj,23,42.5390625,83886080,3.13,4,64,8,128,3375016192,5991174912
Qwen3.5-4B,mlp.gate_proj,10,9.380859375,25165824,3.13,3,128,8,128,3375016192,5991174912
Qwen3.5-4B,mlp.gate_proj,7,9.380859375,25165824,3.13,3,128,8,128,3375016192,5991174912
Qwen3.5-4B,mlp.up_proj,21,9.380859375,25165824,3.13,3,128,8,128,3375016192,5991174912
Qwen3.5-4B,mlp.down_proj,22,9.380859375,25165824,3.13,3,128,8,128,3375016192,5991174912
Qwen3.5-4B,self_attn.v_proj,3,1.0423018038272858,2796160,3.13,3,128,8,128,3375016192,5991174912
Qwen3.5-4B,mlp.up_proj,5,9.380859375,25165824,3.13,3,128,8,128,3375016192,5991174912
Qwen3.5-4B,mlp.gate_proj,6,9.380859375,25165824,3.13,3,128,8,128,3375016192,5991174912
Qwen3.5-4B,mlp.gate_proj,14,9.380859375,25165824,3.13,3,128,8,128,3375016192,5991174912
Qwen3.5-4B,self_attn.q_proj,31,42.5390625,83886080,3.13,4,64,8,128,3375016192,5991174912
Qwen3.5-4B,mlp.gate_proj,20,9.380859375,25165824,3.13,3,128,8,128,3375016192,5991174912
Qwen3.5-4B,mlp.down_proj,28,9.380859375,25165824,3.13,3,128,8,128,3375016192,5991174912
Qwen3.5-4B,mlp.up_proj,30,9.380859375,25165824,3.13,3,128,8,128,3375016192,5991174912
Qwen3.5-4B,mlp.up_proj,17,9.380859375,25165824,3.13,3,128,8,128,3375016192,5991174912
Qwen3.5-4B,mlp.down_proj,19,9.380859375,25165824,3.13,3,128,8,128,3375016192,5991174912
Qwen3.5-4B,self_attn.o_proj,7,4.169254928827286,11184768,3.13,3,128,8,128,3375016192,5991174912
Qwen3.5-4B,mlp.down_proj,13,9.380859375,25165824,3.13,3,128,8,128,3375016192,5991174912
Qwen3.5-4B,mlp.gate_proj,0,9.380859375,25165824,3.13,3,128,8,128,3375016192,5991174912
Qwen3.5-4B,mlp.gate_proj,9,9.380859375,25165824,3.13,3,128,8,128,3375016192,5991174912
Qwen3.5-4B,mlp.down_proj,15,9.380859375,25165824,3.13,3,128,8,128,3375016192,5991174912
Qwen3.5-4B,mlp.gate_proj,22,9.380859375,25165824,3.13,3,128,8,128,3375016192,5991174912
Qwen3.5-4B,self_attn.o_proj,23,21.26953125,41943040,3.13,4,64,8,128,3375016192,5991174912
Qwen3.5-4B,mlp.gate_proj,23,10.5234375,25165824,3.13,3,32,8,128,3375016192,5991174912
Qwen3.5-4B,self_attn.q_proj,15,42.5390625,83886080,3.13,4,64,8,128,3375016192,5991174912
Qwen3.5-4B,mlp.down_proj,20,9.380859375,25165824,3.13,3,128,8,128,3375016192,5991174912
Qwen3.5-4B,mlp.gate_proj,28,9.380859375,25165824,3.13,3,128,8,128,3375016192,5991174912
Qwen3.5-4B,mlp.gate_proj,29,9.380859375,25165824,3.13,3,128,8,128,3375016192,5991174912
Qwen3.5-4B,mlp.gate_proj,25,9.380859375,25165824,3.13,3,128,8,128,3375016192,5991174912
Qwen3.5-4B,mlp.down_proj,18,9.380859375,25165824,3.13,3,128,8,128,3375016192,5991174912
Qwen3.5-4B,mlp.down_proj,2,9.380859375,25165824,3.13,3,128,8,128,3375016192,5991174912
Qwen3.5-4B,mlp.up_proj,22,9.380859375,25165824,3.13,3,128,8,128,3375016192,5991174912
Qwen3.5-4B,mlp.up_proj,25,9.380859375,25165824,3.13,3,128,8,128,3375016192,5991174912
Qwen3.5-4B,mlp.down_proj,21,9.380859375,25165824,3.13,3,128,8,128,3375016192,5991174912
Qwen3.5-4B,mlp.up_proj,15,9.380859375,25165824,3.13,3,128,8,128,3375016192,5991174912
Qwen3.5-4B,self_attn.v_proj,23,5.3173828125,10485760,3.13,4,64,8,128,3375016192,5991174912
Qwen3.5-4B,self_attn.k_proj,11,5.3173828125,10485760,3.13,4,64,8,128,3375016192,5991174912
Qwen3.5-4B,mlp.gate_proj,17,9.380859375,25165824,3.13,3,128,8,128,3375016192,5991174912
Qwen3.5-4B,mlp.up_proj,23,9.380859375,25165824,3.13,3,128,8,128,3375016192,5991174912
Qwen3.5-4B,self_attn.k_proj,19,5.3173828125,10485760,3.13,4,64,8,128,3375016192,5991174912
Qwen3.5-4B,mlp.gate_proj,15,9.380859375,25165824,3.13,3,128,8,128,3375016192,5991174912
Qwen3.5-4B,mlp.up_proj,27,9.380859375,25165824,3.13,3,128,8,128,3375016192,5991174912
Qwen3.5-4B,mlp.up_proj,3,9.380859375,25165824,3.13,3,128,8,128,3375016192,5991174912
Qwen3.5-4B,self_attn.q_proj,11,42.5390625,83886080,3.13,4,64,8,128,3375016192,5991174912
Qwen3.5-4B,mlp.down_proj,8,9.380859375,25165824,3.13,3,128,8,128,3375016192,5991174912
Qwen3.5-4B,self_attn.o_proj,19,21.26953125,41943040,3.13,4,64,8,128,3375016192,5991174912
Qwen3.5-4B,mlp.gate_proj,4,9.380859375,25165824,3.13,3,128,8,128,3375016192,5991174912
Qwen3.5-4B,mlp.up_proj,1,9.380859375,25165824,3.13,3,128,8,128,3375016192,5991174912
Qwen3.5-4B,mlp.up_proj,19,9.380859375,25165824,3.13,3,128,8,128,3375016192,5991174912
Qwen3.5-4B,mlp.up_proj,4,9.380859375,25165824,3.13,3,128,8,128,3375016192,5991174912
Qwen3.5-4B,mlp.up_proj,29,9.380859375,25165824,3.13,3,128,8,128,3375016192,5991174912
Qwen3.5-4B,mlp.down_proj,14,9.380859375,25165824,3.13,3,128,8,128,3375016192,5991174912
Qwen3.5-4B,mlp.gate_proj,27,9.380859375,25165824,3.13,3,128,8,128,3375016192,5991174912
Qwen3.5-4B,self_attn.v_proj,31,5.3173828125,10485760,3.13,4,64,8,128,3375016192,5991174912
Qwen3.5-4B,mlp.up_proj,31,9.380859375,25165824,3.13,3,128,8,128,3375016192,5991174912
Qwen3.5-4B,mlp.gate_proj,2,9.380859375,25165824,3.13,3,128,8,128,3375016192,5991174912
Qwen3.5-4B,self_attn.o_proj,31,21.26953125,41943040,3.13,4,64,8,128,3375016192,5991174912
Qwen3.5-4B,mlp.up_proj,13,9.380859375,25165824,3.13,3,128,8,128,3375016192,5991174912
Qwen3.5-4B,mlp.gate_proj,3,9.380859375,25165824,3.13,3,128,8,128,3375016192,5991174912
Qwen3.5-4B,mlp.down_proj,7,9.380859375,25165824,3.13,3,128,8,128,3375016192,5991174912
Qwen3.5-4B,self_attn.q_proj,19,42.5390625,83886080,3.13,4,64,8,128,3375016192,5991174912
Qwen3.5-4B,self_attn.v_proj,27,5.3173828125,10485760,3.13,4,64,8,128,3375016192,5991174912
Qwen3.5-4B,mlp.down_proj,16,9.380859375,25165824,3.13,3,128,8,128,3375016192,5991174912
Qwen3.5-4B,mlp.down_proj,23,9.380859375,25165824,3.13,3,128,8,128,3375016192,5991174912
Qwen3.5-4B,mlp.down_proj,17,9.380859375,25165824,3.13,3,128,8,128,3375016192,5991174912
Qwen3.5-4B,mlp.up_proj,24,9.380859375,25165824,3.13,3,128,8,128,3375016192,5991174912
Qwen3.5-4B,self_attn.k_proj,3,1.0423018038272858,2796160,3.13,3,128,8,128,3375016192,5991174912
Qwen3.5-4B,mlp.gate_proj,21,9.380859375,25165824,3.13,3,128,8,128,3375016192,5991174912
Qwen3.5-4B,mlp.gate_proj,11,9.380859375,25165824,3.13,3,128,8,128,3375016192,5991174912
Qwen3.5-4B,self_attn.v_proj,7,1.0423018038272858,2796160,3.13,3,128,8,128,3375016192,5991174912
Qwen3.5-4B,self_attn.o_proj,3,4.169254928827286,11184768,3.13,3,128,8,128,3375016192,5991174912
Qwen3.5-4B,mlp.down_proj,0,9.380859375,25165824,3.13,3,128,8,128,3375016192,5991174912
Qwen3.5-4B,self_attn.q_proj,3,8.338509857654572,22369536,3.13,3,128,8,128,3375016192,5991174912
Qwen3.5-4B,mlp.up_proj,11,9.380859375,25165824,3.13,3,128,8,128,3375016192,5991174912
Qwen3.5-4B,mlp.gate_proj,30,9.380859375,25165824,3.13,3,128,8,128,3375016192,5991174912
Qwen3.5-4B,mlp.gate_proj,31,9.380859375,25165824,3.13,3,128,8,128,3375016192,5991174912
Qwen3.5-4B,self_attn.v_proj,15,5.3173828125,10485760,3.13,4,64,8,128,3375016192,5991174912
Qwen3.5-4B,mlp.down_proj,6,9.380859375,25165824,3.13,3,128,8,128,3375016192,5991174912
Qwen3.5-4B,mlp.down_proj,12,9.380859375,25165824,3.13,3,128,8,128,3375016192,5991174912
Qwen3.5-4B,self_attn.k_proj,27,5.3173828125,10485760,3.13,4,64,8,128,3375016192,5991174912
Qwen3.5-4B,mlp.up_proj,14,9.380859375,25165824,3.13,3,128,8,128,3375016192,5991174912
Qwen3.5-4B,mlp.down_proj,11,9.380859375,25165824,3.13,3,128,8,128,3375016192,5991174912
Qwen3.5-4B,self_attn.o_proj,11,21.26953125,41943040,3.13,4,64,8,128,3375016192,5991174912
Qwen3.5-4B,mlp.up_proj,20,9.380859375,25165824,3.13,3,128,8,128,3375016192,5991174912
Qwen3.5-4B,mlp.gate_proj,24,9.380859375,25165824,3.13,3,128,8,128,3375016192,5991174912
Qwen3.5-4B,mlp.up_proj,9,9.380859375,25165824,3.13,3,128,8,128,3375016192,5991174912
Qwen3.5-4B,mlp.up_proj,28,9.380859375,25165824,3.13,3,128,8,128,3375016192,5991174912
Qwen3.5-4B,mlp.gate_proj,8,9.380859375,25165824,3.13,3,128,8,128,3375016192,5991174912
Qwen3.5-4B,mlp.up_proj,7,9.380859375,25165824,3.13,3,128,8,128,3375016192,5991174912
Qwen3.5-4B,self_attn.k_proj,7,1.0423018038272858,2796160,3.13,3,128,8,128,3375016192,5991174912
Qwen3.5-4B,mlp.gate_proj,26,9.380859375,25165824,3.13,3,128,8,128,3375016192,5991174912
Qwen3.5-4B,mlp.gate_proj,1,9.380859375,25165824,3.13,3,128,8,128,3375016192,5991174912
Qwen3.5-4B,mlp.up_proj,10,9.380859375,25165824,3.13,3,128,8,128,3375016192,5991174912
Qwen3.5-4B,mlp.up_proj,8,9.380859375,25165824,3.13,3,128,8,128,3375016192,5991174912
Qwen3.5-4B,self_attn.v_proj,11,5.3173828125,10485760,3.13,4,64,8,128,3375016192,5991174912
Qwen3.5-4B,mlp.down_proj,26,9.380859375,25165824,3.13,3,128,8,128,3375016192,5991174912
Qwen3.5-4B,mlp.down_proj,30,9.380859375,25165824,3.13,3,128,8,128,3375016192,5991174912
Qwen3.5-4B,self_attn.o_proj,27,21.26953125,41943040,3.13,4,64,8,128,3375016192,5991174912
Qwen3.5-4B,self_attn.k_proj,23,5.3173828125,10485760,3.13,4,64,8,128,3375016192,5991174912
Qwen3.5-4B,mlp.gate_proj,5,9.380859375,25165824,3.13,3,128,8,128,3375016192,5991174912
Qwen3.5-4B,mlp.gate_proj,13,9.380859375,25165824,3.13,3,128,8,128,3375016192,5991174912
Qwen3.5-4B,mlp.up_proj,2,9.380859375,25165824,3.13,3,128,8,128,3375016192,5991174912
Qwen3.5-4B,mlp.up_proj,0,9.380859375,25165824,3.13,3,128,8,128,3375016192,5991174912
Qwen3.5-4B,mlp.down_proj,1,9.380859375,25165824,3.13,3,128,8,128,3375016192,5991174912
Qwen3.5-4B,mlp.down_proj,25,9.380859375,25165824,3.13,3,128,8,128,3375016192,5991174912
Qwen3.5-4B,self_attn.v_proj,19,5.3173828125,10485760,3.13,4,64,8,128,3375016192,5991174912
Qwen3.5-4B,mlp.gate_proj,12,9.380859375,25165824,3.13,3,128,8,128,3375016192,5991174912
Qwen3.5-4B,mlp.up_proj,12,9.380859375,25165824,3.13,3,128,8,128,3375016192,5991174912
Qwen3.5-4B,mlp.down_proj,5,9.76171875,25165824,3.25,3,64,8,128,3582634368,6198793088
Qwen3.5-4B,self_attn.q_proj,7,8.677075058221817,22369600,3.25,3,64,8,128,3582634368,6198793088
Qwen3.5-4B,self_attn.q_proj,27,42.5390625,83886080,3.25,4,64,8,128,3582634368,6198793088
Qwen3.5-4B,mlp.up_proj,26,9.76171875,25165824,3.25,3,64,8,128,3582634368,6198793088
Qwen3.5-4B,mlp.down_proj,9,9.76171875,25165824,3.25,3,64,8,128,3582634368,6198793088
Qwen3.5-4B,self_attn.k_proj,15,5.3173828125,10485760,3.25,4,64,8,128,3582634368,6198793088
Qwen3.5-4B,mlp.down_proj,10,9.76171875,25165824,3.25,3,64,8,128,3582634368,6198793088
Qwen3.5-4B,mlp.down_proj,29,9.76171875,25165824,3.25,3,64,8,128,3582634368,6198793088
Qwen3.5-4B,mlp.down_proj,3,9.76171875,25165824,3.25,3,64,8,128,3582634368,6198793088
Qwen3.5-4B,mlp.gate_proj,18,46.42822265625,94371840,3.25,4,128,8,128,3582634368,6198793088
Qwen3.5-4B,mlp.gate_proj,19,46.42822265625,94371840,3.25,4,128,8,128,3582634368,6198793088
Qwen3.5-4B,mlp.down_proj,31,9.76171875,25165824,3.25,3,64,8,128,3582634368,6198793088
Qwen3.5-4B,self_attn.k_proj,31,5.3173828125,10485760,3.25,4,64,8,128,3582634368,6198793088
Qwen3.5-4B,mlp.up_proj,16,9.76171875,25165824,3.25,3,64,8,128,3582634368,6198793088
Qwen3.5-4B,mlp.gate_proj,16,9.76171875,25165824,3.25,3,64,8,128,3582634368,6198793088
Qwen3.5-4B,mlp.down_proj,4,9.76171875,25165824,3.25,3,64,8,128,3582634368,6198793088
Qwen3.5-4B,mlp.up_proj,6,9.76171875,25165824,3.25,3,64,8,128,3582634368,6198793088
Qwen3.5-4B,mlp.up_proj,18,9.76171875,25165824,3.25,3,64,8,128,3582634368,6198793088
Qwen3.5-4B,self_attn.o_proj,15,21.26953125,41943040,3.25,4,64,8,128,3582634368,6198793088
Qwen3.5-4B,mlp.down_proj,24,9.76171875,25165824,3.25,3,64,8,128,3582634368,6198793088
Qwen3.5-4B,mlp.down_proj,27,9.76171875,25165824,3.25,3,64,8,128,3582634368,6198793088
Qwen3.5-4B,self_attn.q_proj,23,42.5390625,83886080,3.25,4,64,8,128,3582634368,6198793088
Qwen3.5-4B,mlp.gate_proj,10,9.76171875,25165824,3.25,3,64,8,128,3582634368,6198793088
Qwen3.5-4B,mlp.gate_proj,7,9.76171875,25165824,3.25,3,64,8,128,3582634368,6198793088
Qwen3.5-4B,mlp.up_proj,21,9.76171875,25165824,3.25,3,64,8,128,3582634368,6198793088
Qwen3.5-4B,mlp.down_proj,22,9.76171875,25165824,3.25,3,64,8,128,3582634368,6198793088
Qwen3.5-4B,self_attn.v_proj,3,1.084618866443634,2796160,3.25,3,64,8,128,3582634368,6198793088
Qwen3.5-4B,mlp.up_proj,5,9.76171875,25165824,3.25,3,64,8,128,3582634368,6198793088
Qwen3.5-4B,mlp.gate_proj,6,9.76171875,25165824,3.25,3,64,8,128,3582634368,6198793088
Qwen3.5-4B,mlp.gate_proj,14,9.76171875,25165824,3.25,3,64,8,128,3582634368,6198793088
Qwen3.5-4B,self_attn.q_proj,31,42.5390625,83886080,3.25,4,64,8,128,3582634368,6198793088
Qwen3.5-4B,mlp.gate_proj,20,9.76171875,25165824,3.25,3,64,8,128,3582634368,6198793088
Qwen3.5-4B,mlp.down_proj,28,9.76171875,25165824,3.25,3,64,8,128,3582634368,6198793088
Qwen3.5-4B,mlp.up_proj,30,9.76171875,25165824,3.25,3,64,8,128,3582634368,6198793088
Qwen3.5-4B,mlp.up_proj,17,9.76171875,25165824,3.25,3,64,8,128,3582634368,6198793088
Qwen3.5-4B,mlp.down_proj,19,9.76171875,25165824,3.25,3,64,8,128,3582634368,6198793088
Qwen3.5-4B,self_attn.o_proj,7,4.338525116443634,11184768,3.25,3,64,8,128,3582634368,6198793088
Qwen3.5-4B,mlp.down_proj,13,9.76171875,25165824,3.25,3,64,8,128,3582634368,6198793088
Qwen3.5-4B,mlp.gate_proj,0,9.76171875,25165824,3.25,3,64,8,128,3582634368,6198793088
Qwen3.5-4B,mlp.gate_proj,9,9.76171875,25165824,3.25,3,64,8,128,3582634368,6198793088
Qwen3.5-4B,mlp.down_proj,15,9.76171875,25165824,3.25,3,64,8,128,3582634368,6198793088
Qwen3.5-4B,mlp.gate_proj,22,9.76171875,25165824,3.25,3,64,8,128,3582634368,6198793088
Qwen3.5-4B,self_attn.o_proj,23,21.26953125,41943040,3.25,4,64,8,128,3582634368,6198793088
Qwen3.5-4B,mlp.gate_proj,23,46.42822265625,94371840,3.25,4,128,8,128,3582634368,6198793088
Qwen3.5-4B,self_attn.q_proj,15,42.5390625,83886080,3.25,4,64,8,128,3582634368,6198793088
Qwen3.5-4B,mlp.down_proj,20,9.76171875,25165824,3.25,3,64,8,128,3582634368,6198793088
Qwen3.5-4B,mlp.gate_proj,28,9.76171875,25165824,3.25,3,64,8,128,3582634368,6198793088
Qwen3.5-4B,mlp.gate_proj,29,9.76171875,25165824,3.25,3,64,8,128,3582634368,6198793088
Qwen3.5-4B,mlp.gate_proj,25,9.76171875,25165824,3.25,3,64,8,128,3582634368,6198793088
Qwen3.5-4B,mlp.down_proj,18,9.76171875,25165824,3.25,3,64,8,128,3582634368,6198793088
Qwen3.5-4B,mlp.down_proj,2,9.76171875,25165824,3.25,3,64,8,128,3582634368,6198793088
Qwen3.5-4B,mlp.up_proj,22,9.76171875,25165824,3.25,3,64,8,128,3582634368,6198793088
Qwen3.5-4B,mlp.up_proj,25,9.76171875,25165824,3.25,3,64,8,128,3582634368,6198793088
Qwen3.5-4B,mlp.down_proj,21,9.76171875,25165824,3.25,3,64,8,128,3582634368,6198793088
Qwen3.5-4B,mlp.up_proj,15,9.76171875,25165824,3.25,3,64,8,128,3582634368,6198793088
Qwen3.5-4B,self_attn.v_proj,23,5.3173828125,10485760,3.25,4,64,8,128,3582634368,6198793088
Qwen3.5-4B,self_attn.k_proj,11,5.3173828125,10485760,3.25,4,64,8,128,3582634368,6198793088
Qwen3.5-4B,mlp.gate_proj,17,9.76171875,25165824,3.25,3,64,8,128,3582634368,6198793088
Qwen3.5-4B,mlp.up_proj,23,9.76171875,25165824,3.25,3,64,8,128,3582634368,6198793088
Qwen3.5-4B,self_attn.k_proj,19,5.3173828125,10485760,3.25,4,64,8,128,3582634368,6198793088
Qwen3.5-4B,mlp.gate_proj,15,9.76171875,25165824,3.25,3,64,8,128,3582634368,6198793088
Qwen3.5-4B,mlp.up_proj,27,9.76171875,25165824,3.25,3,64,8,128,3582634368,6198793088
Qwen3.5-4B,mlp.up_proj,3,9.76171875,25165824,3.25,3,64,8,128,3582634368,6198793088
Qwen3.5-4B,self_attn.q_proj,11,42.5390625,83886080,3.25,4,64,8,128,3582634368,6198793088
Qwen3.5-4B,mlp.down_proj,8,9.76171875,25165824,3.25,3,64,8,128,3582634368,6198793088
Qwen3.5-4B,self_attn.o_proj,19,21.26953125,41943040,3.25,4,64,8,128,3582634368,6198793088
Qwen3.5-4B,mlp.gate_proj,4,9.76171875,25165824,3.25,3,64,8,128,3582634368,6198793088
Qwen3.5-4B,mlp.up_proj,1,9.76171875,25165824,3.25,3,64,8,128,3582634368,6198793088
Qwen3.5-4B,mlp.up_proj,19,9.76171875,25165824,3.25,3,64,8,128,3582634368,6198793088
Qwen3.5-4B,mlp.up_proj,4,9.76171875,25165824,3.25,3,64,8,128,3582634368,6198793088
Qwen3.5-4B,mlp.up_proj,29,9.76171875,25165824,3.25,3,64,8,128,3582634368,6198793088
Qwen3.5-4B,mlp.down_proj,14,9.76171875,25165824,3.25,3,64,8,128,3582634368,6198793088
Qwen3.5-4B,mlp.gate_proj,27,9.76171875,25165824,3.25,3,64,8,128,3582634368,6198793088
Qwen3.5-4B,self_attn.v_proj,31,5.3173828125,10485760,3.25,4,64,8,128,3582634368,6198793088
Qwen3.5-4B,mlp.up_proj,31,9.76171875,25165824,3.25,3,64,8,128,3582634368,6198793088
Qwen3.5-4B,mlp.gate_proj,2,9.76171875,25165824,3.25,3,64,8,128,3582634368,6198793088
Qwen3.5-4B,self_attn.o_proj,31,21.26953125,41943040,3.25,4,64,8,128,3582634368,6198793088
Qwen3.5-4B,mlp.up_proj,13,9.76171875,25165824,3.25,3,64,8,128,3582634368,6198793088
Qwen3.5-4B,mlp.gate_proj,3,9.76171875,25165824,3.25,3,64,8,128,3582634368,6198793088
Qwen3.5-4B,mlp.down_proj,7,9.76171875,25165824,3.25,3,64,8,128,3582634368,6198793088
Qwen3.5-4B,self_attn.q_proj,19,42.5390625,83886080,3.25,4,64,8,128,3582634368,6198793088
Qwen3.5-4B,self_attn.v_proj,27,5.3173828125,10485760,3.25,4,64,8,128,3582634368,6198793088
Qwen3.5-4B,mlp.down_proj,16,9.76171875,25165824,3.25,3,64,8,128,3582634368,6198793088
Qwen3.5-4B,mlp.down_proj,23,9.76171875,25165824,3.25,3,64,8,128,3582634368,6198793088
Qwen3.5-4B,mlp.down_proj,17,9.76171875,25165824,3.25,3,64,8,128,3582634368,6198793088
Qwen3.5-4B,mlp.up_proj,24,9.76171875,25165824,3.25,3,64,8,128,3582634368,6198793088
Qwen3.5-4B,self_attn.k_proj,3,1.084618866443634,2796160,3.25,3,64,8,128,3582634368,6198793088
Qwen3.5-4B,mlp.gate_proj,21,9.76171875,25165824,3.25,3,64,8,128,3582634368,6198793088
Qwen3.5-4B,mlp.gate_proj,11,9.76171875,25165824,3.25,3,64,8,128,3582634368,6198793088
Qwen3.5-4B,self_attn.v_proj,7,1.084618866443634,2796160,3.25,3,64,8,128,3582634368,6198793088
Qwen3.5-4B,self_attn.o_proj,3,4.338525116443634,11184768,3.25,3,64,8,128,3582634368,6198793088
Qwen3.5-4B,mlp.down_proj,0,9.76171875,25165824,3.25,3,64,8,128,3582634368,6198793088
Qwen3.5-4B,self_attn.q_proj,3,8.677075058221817,22369600,3.25,3,64,8,128,3582634368,6198793088
Qwen3.5-4B,mlp.up_proj,11,9.76171875,25165824,3.25,3,64,8,128,3582634368,6198793088
Qwen3.5-4B,mlp.gate_proj,30,9.76171875,25165824,3.25,3,64,8,128,3582634368,6198793088
Qwen3.5-4B,mlp.gate_proj,31,9.76171875,25165824,3.25,3,64,8,128,3582634368,6198793088
Qwen3.5-4B,self_attn.v_proj,15,5.3173828125,10485760,3.25,4,64,8,128,3582634368,6198793088
Qwen3.5-4B,mlp.down_proj,6,9.76171875,25165824,3.25,3,64,8,128,3582634368,6198793088
Qwen3.5-4B,mlp.down_proj,12,9.76171875,25165824,3.25,3,64,8,128,3582634368,6198793088
Qwen3.5-4B,self_attn.k_proj,27,5.3173828125,10485760,3.25,4,64,8,128,3582634368,6198793088
Qwen3.5-4B,mlp.up_proj,14,9.76171875,25165824,3.25,3,64,8,128,3582634368,6198793088
Qwen3.5-4B,mlp.down_proj,11,9.76171875,25165824,3.25,3,64,8,128,3582634368,6198793088
Qwen3.5-4B,self_attn.o_proj,11,21.26953125,41943040,3.25,4,64,8,128,3582634368,6198793088
Qwen3.5-4B,mlp.up_proj,20,9.76171875,25165824,3.25,3,64,8,128,3582634368,6198793088
Qwen3.5-4B,mlp.gate_proj,24,9.76171875,25165824,3.25,3,64,8,128,3582634368,6198793088
Qwen3.5-4B,mlp.up_proj,9,9.76171875,25165824,3.25,3,64,8,128,3582634368,6198793088
Qwen3.5-4B,mlp.up_proj,28,9.76171875,25165824,3.25,3,64,8,128,3582634368,6198793088
Qwen3.5-4B,mlp.gate_proj,8,9.76171875,25165824,3.25,3,64,8,128,3582634368,6198793088
Qwen3.5-4B,mlp.up_proj,7,9.76171875,25165824,3.25,3,64,8,128,3582634368,6198793088
Qwen3.5-4B,self_attn.k_proj,7,1.084618866443634,2796160,3.25,3,64,8,128,3582634368,6198793088
Qwen3.5-4B,mlp.gate_proj,26,9.76171875,25165824,3.25,3,64,8,128,3582634368,6198793088
Qwen3.5-4B,mlp.gate_proj,1,9.76171875,25165824,3.25,3,64,8,128,3582634368,6198793088
Qwen3.5-4B,mlp.up_proj,10,9.76171875,25165824,3.25,3,64,8,128,3582634368,6198793088
Qwen3.5-4B,mlp.up_proj,8,9.76171875,25165824,3.25,3,64,8,128,3582634368,6198793088
Qwen3.5-4B,self_attn.v_proj,11,5.3173828125,10485760,3.25,4,64,8,128,3582634368,6198793088
Qwen3.5-4B,mlp.down_proj,26,9.76171875,25165824,3.25,3,64,8,128,3582634368,6198793088
Qwen3.5-4B,mlp.down_proj,30,9.76171875,25165824,3.25,3,64,8,128,3582634368,6198793088
Qwen3.5-4B,self_attn.o_proj,27,21.26953125,41943040,3.25,4,64,8,128,3582634368,6198793088
Qwen3.5-4B,self_attn.k_proj,23,5.3173828125,10485760,3.25,4,64,8,128,3582634368,6198793088
Qwen3.5-4B,mlp.gate_proj,5,9.76171875,25165824,3.25,3,64,8,128,3582634368,6198793088
Qwen3.5-4B,mlp.gate_proj,13,9.76171875,25165824,3.25,3,64,8,128,3582634368,6198793088
Qwen3.5-4B,mlp.up_proj,2,9.76171875,25165824,3.25,3,64,8,128,3582634368,6198793088
Qwen3.5-4B,mlp.up_proj,0,9.76171875,25165824,3.25,3,64,8,128,3582634368,6198793088
Qwen3.5-4B,mlp.down_proj,1,9.76171875,25165824,3.25,3,64,8,128,3582634368,6198793088
Qwen3.5-4B,mlp.down_proj,25,9.76171875,25165824,3.25,3,64,8,128,3582634368,6198793088
Qwen3.5-4B,self_attn.v_proj,19,5.3173828125,10485760,3.25,4,64,8,128,3582634368,6198793088
Qwen3.5-4B,mlp.gate_proj,12,9.76171875,25165824,3.25,3,64,8,128,3582634368,6198793088
Qwen3.5-4B,mlp.up_proj,12,9.76171875,25165824,3.25,3,64,8,128,3582634368,6198793088
Qwen3.5-4B,mlp.down_proj,5,10.5234375,25165824,3.51,3,32,8,128,3582634560,6198793280
Qwen3.5-4B,self_attn.q_proj,7,9.354157745838165,22369600,3.51,3,32,8,128,3582634560,6198793280
Qwen3.5-4B,self_attn.q_proj,27,42.5390625,83886080,3.51,4,64,8,128,3582634560,6198793280
Qwen3.5-4B,mlp.up_proj,26,10.5234375,25165824,3.51,3,32,8,128,3582634560,6198793280
Qwen3.5-4B,mlp.down_proj,9,10.5234375,25165824,3.51,3,32,8,128,3582634560,6198793280
Qwen3.5-4B,self_attn.k_proj,15,5.3173828125,10485760,3.51,4,64,8,128,3582634560,6198793280
Qwen3.5-4B,mlp.down_proj,10,10.5234375,25165824,3.51,3,32,8,128,3582634560,6198793280
Qwen3.5-4B,mlp.down_proj,29,10.5234375,25165824,3.51,3,32,8,128,3582634560,6198793280
Qwen3.5-4B,mlp.down_proj,3,10.5234375,25165824,3.51,3,32,8,128,3582634560,6198793280
Qwen3.5-4B,mlp.gate_proj,18,47.8564453125,94371840,3.51,4,64,8,128,3582634560,6198793280
Qwen3.5-4B,mlp.gate_proj,19,47.8564453125,94371840,3.51,4,64,8,128,3582634560,6198793280
Qwen3.5-4B,mlp.down_proj,31,10.5234375,25165824,3.51,3,32,8,128,3582634560,6198793280
Qwen3.5-4B,self_attn.k_proj,31,5.3173828125,10485760,3.51,4,64,8,128,3582634560,6198793280
Qwen3.5-4B,mlp.up_proj,16,10.5234375,25165824,3.51,3,32,8,128,3582634560,6198793280
Qwen3.5-4B,mlp.gate_proj,16,10.5234375,25165824,3.51,3,32,8,128,3582634560,6198793280
Qwen3.5-4B,mlp.down_proj,4,10.5234375,25165824,3.51,3,32,8,128,3582634560,6198793280
Qwen3.5-4B,mlp.up_proj,6,10.5234375,25165824,3.51,3,32,8,128,3582634560,6198793280
Qwen3.5-4B,mlp.up_proj,18,10.5234375,25165824,3.51,3,32,8,128,3582634560,6198793280
Qwen3.5-4B,self_attn.o_proj,15,21.26953125,41943040,3.51,4,64,8,128,3582634560,6198793280
Qwen3.5-4B,mlp.down_proj,24,10.5234375,25165824,3.51,3,32,8,128,3582634560,6198793280
Qwen3.5-4B,mlp.down_proj,27,10.5234375,25165824,3.51,3,32,8,128,3582634560,6198793280
Qwen3.5-4B,self_attn.q_proj,23,42.5390625,83886080,3.51,4,64,8,128,3582634560,6198793280
Qwen3.5-4B,mlp.gate_proj,10,10.5234375,25165824,3.51,3,32,8,128,3582634560,6198793280
Qwen3.5-4B,mlp.gate_proj,7,10.5234375,25165824,3.51,3,32,8,128,3582634560,6198793280
Qwen3.5-4B,mlp.up_proj,21,10.5234375,25165824,3.51,3,32,8,128,3582634560,6198793280
Qwen3.5-4B,mlp.down_proj,22,10.5234375,25165824,3.51,3,32,8,128,3582634560,6198793280
Qwen3.5-4B,self_attn.v_proj,3,1.1692663729190826,2796192,3.51,3,32,8,128,3582634560,6198793280
Qwen3.5-4B,mlp.up_proj,5,10.5234375,25165824,3.51,3,32,8,128,3582634560,6198793280
Qwen3.5-4B,mlp.gate_proj,6,10.5234375,25165824,3.51,3,32,8,128,3582634560,6198793280
Qwen3.5-4B,mlp.gate_proj,14,10.5234375,25165824,3.51,3,32,8,128,3582634560,6198793280
Qwen3.5-4B,self_attn.q_proj,31,42.5390625,83886080,3.51,4,64,8,128,3582634560,6198793280
Qwen3.5-4B,mlp.gate_proj,20,10.5234375,25165824,3.51,3,32,8,128,3582634560,6198793280
Qwen3.5-4B,mlp.down_proj,28,10.5234375,25165824,3.51,3,32,8,128,3582634560,6198793280
Qwen3.5-4B,mlp.up_proj,30,10.5234375,25165824,3.51,3,32,8,128,3582634560,6198793280
Qwen3.5-4B,mlp.up_proj,17,10.5234375,25165824,3.51,3,32,8,128,3582634560,6198793280
Qwen3.5-4B,mlp.down_proj,19,10.5234375,25165824,3.51,3,32,8,128,3582634560,6198793280
Qwen3.5-4B,self_attn.o_proj,7,4.677078872919083,11184800,3.51,3,32,8,128,3582634560,6198793280
Qwen3.5-4B,mlp.down_proj,13,10.5234375,25165824,3.51,3,32,8,128,3582634560,6198793280
Qwen3.5-4B,mlp.gate_proj,0,10.5234375,25165824,3.51,3,32,8,128,3582634560,6198793280
Qwen3.5-4B,mlp.gate_proj,9,10.5234375,25165824,3.51,3,32,8,128,3582634560,6198793280
Qwen3.5-4B,mlp.down_proj,15,10.5234375,25165824,3.51,3,32,8,128,3582634560,6198793280
Qwen3.5-4B,mlp.gate_proj,22,10.5234375,25165824,3.51,3,32,8,128,3582634560,6198793280
Qwen3.5-4B,self_attn.o_proj,23,21.26953125,41943040,3.51,4,64,8,128,3582634560,6198793280
Qwen3.5-4B,mlp.gate_proj,23,47.8564453125,94371840,3.51,4,64,8,128,3582634560,6198793280
Qwen3.5-4B,self_attn.q_proj,15,42.5390625,83886080,3.51,4,64,8,128,3582634560,6198793280
Qwen3.5-4B,mlp.down_proj,20,10.5234375,25165824,3.51,3,32,8,128,3582634560,6198793280
Qwen3.5-4B,mlp.gate_proj,28,10.5234375,25165824,3.51,3,32,8,128,3582634560,6198793280
Qwen3.5-4B,mlp.gate_proj,29,10.5234375,25165824,3.51,3,32,8,128,3582634560,6198793280
Qwen3.5-4B,mlp.gate_proj,25,10.5234375,25165824,3.51,3,32,8,128,3582634560,6198793280
Qwen3.5-4B,mlp.down_proj,18,10.5234375,25165824,3.51,3,32,8,128,3582634560,6198793280
Qwen3.5-4B,mlp.down_proj,2,10.5234375,25165824,3.51,3,32,8,128,3582634560,6198793280
Qwen3.5-4B,mlp.up_proj,22,10.5234375,25165824,3.51,3,32,8,128,3582634560,6198793280
Qwen3.5-4B,mlp.up_proj,25,10.5234375,25165824,3.51,3,32,8,128,3582634560,6198793280
Qwen3.5-4B,mlp.down_proj,21,10.5234375,25165824,3.51,3,32,8,128,3582634560,6198793280
Qwen3.5-4B,mlp.up_proj,15,10.5234375,25165824,3.51,3,32,8,128,3582634560,6198793280
Qwen3.5-4B,self_attn.v_proj,23,5.3173828125,10485760,3.51,4,64,8,128,3582634560,6198793280
Qwen3.5-4B,self_attn.k_proj,11,5.3173828125,10485760,3.51,4,64,8,128,3582634560,6198793280
Qwen3.5-4B,mlp.gate_proj,17,10.5234375,25165824,3.51,3,32,8,128,3582634560,6198793280
Qwen3.5-4B,mlp.up_proj,23,10.5234375,25165824,3.51,3,32,8,128,3582634560,6198793280
Qwen3.5-4B,self_attn.k_proj,19,5.3173828125,10485760,3.51,4,64,8,128,3582634560,6198793280
Qwen3.5-4B,mlp.gate_proj,15,10.5234375,25165824,3.51,3,32,8,128,3582634560,6198793280
Qwen3.5-4B,mlp.up_proj,27,10.5234375,25165824,3.51,3,32,8,128,3582634560,6198793280
Qwen3.5-4B,mlp.up_proj,3,10.5234375,25165824,3.51,3,32,8,128,3582634560,6198793280
Qwen3.5-4B,self_attn.q_proj,11,42.5390625,83886080,3.51,4,64,8,128,3582634560,6198793280
Qwen3.5-4B,mlp.down_proj,8,10.5234375,25165824,3.51,3,32,8,128,3582634560,6198793280
Qwen3.5-4B,self_attn.o_proj,19,21.26953125,41943040,3.51,4,64,8,128,3582634560,6198793280
Qwen3.5-4B,mlp.gate_proj,4,10.5234375,25165824,3.51,3,32,8,128,3582634560,6198793280
Qwen3.5-4B,mlp.up_proj,1,10.5234375,25165824,3.51,3,32,8,128,3582634560,6198793280
Qwen3.5-4B,mlp.up_proj,19,10.5234375,25165824,3.51,3,32,8,128,3582634560,6198793280
Qwen3.5-4B,mlp.up_proj,4,10.5234375,25165824,3.51,3,32,8,128,3582634560,6198793280
Qwen3.5-4B,mlp.up_proj,29,10.5234375,25165824,3.51,3,32,8,128,3582634560,6198793280
Qwen3.5-4B,mlp.down_proj,14,10.5234375,25165824,3.51,3,32,8,128,3582634560,6198793280
Qwen3.5-4B,mlp.gate_proj,27,10.5234375,25165824,3.51,3,32,8,128,3582634560,6198793280
Qwen3.5-4B,self_attn.v_proj,31,5.3173828125,10485760,3.51,4,64,8,128,3582634560,6198793280
Qwen3.5-4B,mlp.up_proj,31,10.5234375,25165824,3.51,3,32,8,128,3582634560,6198793280
Qwen3.5-4B,mlp.gate_proj,2,10.5234375,25165824,3.51,3,32,8,128,3582634560,6198793280
Qwen3.5-4B,self_attn.o_proj,31,21.26953125,41943040,3.51,4,64,8,128,3582634560,6198793280
Qwen3.5-4B,mlp.up_proj,13,10.5234375,25165824,3.51,3,32,8,128,3582634560,6198793280
Qwen3.5-4B,mlp.gate_proj,3,10.5234375,25165824,3.51,3,32,8,128,3582634560,6198793280
Qwen3.5-4B,mlp.down_proj,7,10.5234375,25165824,3.51,3,32,8,128,3582634560,6198793280
Qwen3.5-4B,self_attn.q_proj,19,42.5390625,83886080,3.51,4,64,8,128,3582634560,6198793280
Qwen3.5-4B,self_attn.v_proj,27,5.3173828125,10485760,3.51,4,64,8,128,3582634560,6198793280
Qwen3.5-4B,mlp.down_proj,16,10.5234375,25165824,3.51,3,32,8,128,3582634560,6198793280
Qwen3.5-4B,mlp.down_proj,23,10.5234375,25165824,3.51,3,32,8,128,3582634560,6198793280
Qwen3.5-4B,mlp.down_proj,17,10.5234375,25165824,3.51,3,32,8,128,3582634560,6198793280
Qwen3.5-4B,mlp.up_proj,24,10.5234375,25165824,3.51,3,32,8,128,3582634560,6198793280
Qwen3.5-4B,self_attn.k_proj,3,1.1692663729190826,2796192,3.51,3,32,8,128,3582634560,6198793280
Qwen3.5-4B,mlp.gate_proj,21,10.5234375,25165824,3.51,3,32,8,128,3582634560,6198793280
Qwen3.5-4B,mlp.gate_proj,11,10.5234375,25165824,3.51,3,32,8,128,3582634560,6198793280
Qwen3.5-4B,self_attn.v_proj,7,1.1692663729190826,2796192,3.51,3,32,8,128,3582634560,6198793280
Qwen3.5-4B,self_attn.o_proj,3,4.677078872919083,11184800,3.51,3,32,8,128,3582634560,6198793280
Qwen3.5-4B,mlp.down_proj,0,10.5234375,25165824,3.51,3,32,8,128,3582634560,6198793280
Qwen3.5-4B,self_attn.q_proj,3,9.354157745838165,22369600,3.51,3,32,8,128,3582634560,6198793280
Qwen3.5-4B,mlp.up_proj,11,10.5234375,25165824,3.51,3,32,8,128,3582634560,6198793280
Qwen3.5-4B,mlp.gate_proj,30,10.5234375,25165824,3.51,3,32,8,128,3582634560,6198793280
Qwen3.5-4B,mlp.gate_proj,31,10.5234375,25165824,3.51,3,32,8,128,3582634560,6198793280
Qwen3.5-4B,self_attn.v_proj,15,5.3173828125,10485760,3.51,4,64,8,128,3582634560,6198793280
Qwen3.5-4B,mlp.down_proj,6,10.5234375,25165824,3.51,3,32,8,128,3582634560,6198793280
Qwen3.5-4B,mlp.down_proj,12,10.5234375,25165824,3.51,3,32,8,128,3582634560,6198793280
Qwen3.5-4B,self_attn.k_proj,27,5.3173828125,10485760,3.51,4,64,8,128,3582634560,6198793280
Qwen3.5-4B,mlp.up_proj,14,10.5234375,25165824,3.51,3,32,8,128,3582634560,6198793280
Qwen3.5-4B,mlp.down_proj,11,10.5234375,25165824,3.51,3,32,8,128,3582634560,6198793280
Qwen3.5-4B,self_attn.o_proj,11,21.26953125,41943040,3.51,4,64,8,128,3582634560,6198793280
Qwen3.5-4B,mlp.up_proj,20,10.5234375,25165824,3.51,3,32,8,128,3582634560,6198793280
Qwen3.5-4B,mlp.gate_proj,24,10.5234375,25165824,3.51,3,32,8,128,3582634560,6198793280
Qwen3.5-4B,mlp.up_proj,9,10.5234375,25165824,3.51,3,32,8,128,3582634560,6198793280
Qwen3.5-4B,mlp.up_proj,28,10.5234375,25165824,3.51,3,32,8,128,3582634560,6198793280
Qwen3.5-4B,mlp.gate_proj,8,10.5234375,25165824,3.51,3,32,8,128,3582634560,6198793280
Qwen3.5-4B,mlp.up_proj,7,10.5234375,25165824,3.51,3,32,8,128,3582634560,6198793280
Qwen3.5-4B,self_attn.k_proj,7,1.1692663729190826,2796192,3.51,3,32,8,128,3582634560,6198793280
Qwen3.5-4B,mlp.gate_proj,26,10.5234375,25165824,3.51,3,32,8,128,3582634560,6198793280
Qwen3.5-4B,mlp.gate_proj,1,10.5234375,25165824,3.51,3,32,8,128,3582634560,6198793280
Qwen3.5-4B,mlp.up_proj,10,10.5234375,25165824,3.51,3,32,8,128,3582634560,6198793280
Qwen3.5-4B,mlp.up_proj,8,10.5234375,25165824,3.51,3,32,8,128,3582634560,6198793280
Qwen3.5-4B,self_attn.v_proj,11,5.3173828125,10485760,3.51,4,64,8,128,3582634560,6198793280
Qwen3.5-4B,mlp.down_proj,26,10.5234375,25165824,3.51,3,32,8,128,3582634560,6198793280
Qwen3.5-4B,mlp.down_proj,30,10.5234375,25165824,3.51,3,32,8,128,3582634560,6198793280
Qwen3.5-4B,self_attn.o_proj,27,21.26953125,41943040,3.51,4,64,8,128,3582634560,6198793280
Qwen3.5-4B,self_attn.k_proj,23,5.3173828125,10485760,3.51,4,64,8,128,3582634560,6198793280
Qwen3.5-4B,mlp.gate_proj,5,10.5234375,25165824,3.51,3,32,8,128,3582634560,6198793280
Qwen3.5-4B,mlp.gate_proj,13,10.5234375,25165824,3.51,3,32,8,128,3582634560,6198793280
Qwen3.5-4B,mlp.up_proj,2,10.5234375,25165824,3.51,3,32,8,128,3582634560,6198793280
Qwen3.5-4B,mlp.up_proj,0,10.5234375,25165824,3.51,3,32,8,128,3582634560,6198793280
Qwen3.5-4B,mlp.down_proj,1,10.5234375,25165824,3.51,3,32,8,128,3582634560,6198793280
Qwen3.5-4B,mlp.down_proj,25,10.5234375,25165824,3.51,3,32,8,128,3582634560,6198793280
Qwen3.5-4B,self_attn.v_proj,19,5.3173828125,10485760,3.51,4,64,8,128,3582634560,6198793280
Qwen3.5-4B,mlp.gate_proj,12,10.5234375,25165824,3.51,3,32,8,128,3582634560,6198793280
Qwen3.5-4B,mlp.up_proj,12,10.5234375,25165824,3.51,3,32,8,128,3582634560,6198793280
Qwen3.5-4B,mlp.down_proj,5,46.42822265625,94371840,4.13,4,128,8,128,10234101760,12850260480
Qwen3.5-4B,self_attn.q_proj,7,41.26953125,83886080,4.13,4,128,8,128,10234101760,12850260480
Qwen3.5-4B,self_attn.q_proj,27,42.5390625,83886080,4.13,4,64,8,128,10234101760,12850260480
Qwen3.5-4B,mlp.up_proj,26,46.42822265625,94371840,4.13,4,128,8,128,10234101760,12850260480
Qwen3.5-4B,mlp.down_proj,9,46.42822265625,94371840,4.13,4,128,8,128,10234101760,12850260480
Qwen3.5-4B,self_attn.k_proj,15,5.3173828125,10485760,4.13,4,64,8,128,10234101760,12850260480
Qwen3.5-4B,mlp.down_proj,10,46.42822265625,94371840,4.13,4,128,8,128,10234101760,12850260480
Qwen3.5-4B,mlp.down_proj,29,46.42822265625,94371840,4.13,4,128,8,128,10234101760,12850260480
Qwen3.5-4B,mlp.down_proj,3,46.42822265625,94371840,4.13,4,128,8,128,10234101760,12850260480
Qwen3.5-4B,mlp.gate_proj,18,50.712890625,94371840,4.13,4,32,8,128,10234101760,12850260480
Qwen3.5-4B,mlp.gate_proj,19,50.712890625,94371840,4.13,4,32,8,128,10234101760,12850260480
Qwen3.5-4B,mlp.down_proj,31,46.42822265625,94371840,4.13,4,128,8,128,10234101760,12850260480
Qwen3.5-4B,self_attn.k_proj,31,5.3173828125,10485760,4.13,4,64,8,128,10234101760,12850260480
Qwen3.5-4B,mlp.up_proj,16,46.42822265625,94371840,4.13,4,128,8,128,10234101760,12850260480
Qwen3.5-4B,mlp.gate_proj,16,46.42822265625,94371840,4.13,4,128,8,128,10234101760,12850260480
Qwen3.5-4B,mlp.down_proj,4,46.42822265625,94371840,4.13,4,128,8,128,10234101760,12850260480
Qwen3.5-4B,mlp.up_proj,6,46.42822265625,94371840,4.13,4,128,8,128,10234101760,12850260480
Qwen3.5-4B,mlp.up_proj,18,46.42822265625,94371840,4.13,4,128,8,128,10234101760,12850260480
Qwen3.5-4B,self_attn.o_proj,15,21.26953125,41943040,4.13,4,64,8,128,10234101760,12850260480
Qwen3.5-4B,mlp.down_proj,24,46.42822265625,94371840,4.13,4,128,8,128,10234101760,12850260480
Qwen3.5-4B,mlp.down_proj,27,46.42822265625,94371840,4.13,4,128,8,128,10234101760,12850260480
Qwen3.5-4B,self_attn.q_proj,23,42.5390625,83886080,4.13,4,64,8,128,10234101760,12850260480
Qwen3.5-4B,mlp.gate_proj,10,46.42822265625,94371840,4.13,4,128,8,128,10234101760,12850260480
Qwen3.5-4B,mlp.gate_proj,7,46.42822265625,94371840,4.13,4,128,8,128,10234101760,12850260480
Qwen3.5-4B,mlp.up_proj,21,46.42822265625,94371840,4.13,4,128,8,128,10234101760,12850260480
Qwen3.5-4B,mlp.down_proj,22,46.42822265625,94371840,4.13,4,128,8,128,10234101760,12850260480
Qwen3.5-4B,self_attn.v_proj,3,5.15869140625,10485760,4.13,4,128,8,128,10234101760,12850260480
Qwen3.5-4B,mlp.up_proj,5,46.42822265625,94371840,4.13,4,128,8,128,10234101760,12850260480
Qwen3.5-4B,mlp.gate_proj,6,46.42822265625,94371840,4.13,4,128,8,128,10234101760,12850260480
Qwen3.5-4B,mlp.gate_proj,14,46.42822265625,94371840,4.13,4,128,8,128,10234101760,12850260480
Qwen3.5-4B,self_attn.q_proj,31,42.5390625,83886080,4.13,4,64,8,128,10234101760,12850260480
Qwen3.5-4B,mlp.gate_proj,20,46.42822265625,94371840,4.13,4,128,8,128,10234101760,12850260480
Qwen3.5-4B,mlp.down_proj,28,46.42822265625,94371840,4.13,4,128,8,128,10234101760,12850260480
Qwen3.5-4B,mlp.up_proj,30,46.42822265625,94371840,4.13,4,128,8,128,10234101760,12850260480
Qwen3.5-4B,mlp.up_proj,17,46.42822265625,94371840,4.13,4,128,8,128,10234101760,12850260480
Qwen3.5-4B,mlp.down_proj,19,46.42822265625,94371840,4.13,4,128,8,128,10234101760,12850260480
Qwen3.5-4B,self_attn.o_proj,7,20.634765625,41943040,4.13,4,128,8,128,10234101760,12850260480
Qwen3.5-4B,mlp.down_proj,13,46.42822265625,94371840,4.13,4,128,8,128,10234101760,12850260480
Qwen3.5-4B,mlp.gate_proj,0,46.42822265625,94371840,4.13,4,128,8,128,10234101760,12850260480
Qwen3.5-4B,mlp.gate_proj,9,46.42822265625,94371840,4.13,4,128,8,128,10234101760,12850260480
Qwen3.5-4B,mlp.down_proj,15,46.42822265625,94371840,4.13,4,128,8,128,10234101760,12850260480
Qwen3.5-4B,mlp.gate_proj,22,46.42822265625,94371840,4.13,4,128,8,128,10234101760,12850260480
Qwen3.5-4B,self_attn.o_proj,23,21.26953125,41943040,4.13,4,64,8,128,10234101760,12850260480
Qwen3.5-4B,mlp.gate_proj,23,50.712890625,94371840,4.13,4,32,8,128,10234101760,12850260480
Qwen3.5-4B,self_attn.q_proj,15,42.5390625,83886080,4.13,4,64,8,128,10234101760,12850260480
Qwen3.5-4B,mlp.down_proj,20,46.42822265625,94371840,4.13,4,128,8,128,10234101760,12850260480
Qwen3.5-4B,mlp.gate_proj,28,46.42822265625,94371840,4.13,4,128,8,128,10234101760,12850260480
Qwen3.5-4B,mlp.gate_proj,29,46.42822265625,94371840,4.13,4,128,8,128,10234101760,12850260480
Qwen3.5-4B,mlp.gate_proj,25,46.42822265625,94371840,4.13,4,128,8,128,10234101760,12850260480
Qwen3.5-4B,mlp.down_proj,18,46.42822265625,94371840,4.13,4,128,8,128,10234101760,12850260480
Qwen3.5-4B,mlp.down_proj,2,46.42822265625,94371840,4.13,4,128,8,128,10234101760,12850260480
Qwen3.5-4B,mlp.up_proj,22,46.42822265625,94371840,4.13,4,128,8,128,10234101760,12850260480
Qwen3.5-4B,mlp.up_proj,25,46.42822265625,94371840,4.13,4,128,8,128,10234101760,12850260480
Qwen3.5-4B,mlp.down_proj,21,46.42822265625,94371840,4.13,4,128,8,128,10234101760,12850260480
Qwen3.5-4B,mlp.up_proj,15,46.42822265625,94371840,4.13,4,128,8,128,10234101760,12850260480
Qwen3.5-4B,self_attn.v_proj,23,5.3173828125,10485760,4.13,4,64,8,128,10234101760,12850260480
Qwen3.5-4B,self_attn.k_proj,11,5.3173828125,10485760,4.13,4,64,8,128,10234101760,12850260480
Qwen3.5-4B,mlp.gate_proj,17,46.42822265625,94371840,4.13,4,128,8,128,10234101760,12850260480
Qwen3.5-4B,mlp.up_proj,23,46.42822265625,94371840,4.13,4,128,8,128,10234101760,12850260480
Qwen3.5-4B,self_attn.k_proj,19,5.3173828125,10485760,4.13,4,64,8,128,10234101760,12850260480
Qwen3.5-4B,mlp.gate_proj,15,46.42822265625,94371840,4.13,4,128,8,128,10234101760,12850260480
Qwen3.5-4B,mlp.up_proj,27,46.42822265625,94371840,4.13,4,128,8,128,10234101760,12850260480
Qwen3.5-4B,mlp.up_proj,3,46.42822265625,94371840,4.13,4,128,8,128,10234101760,12850260480
Qwen3.5-4B,self_attn.q_proj,11,42.5390625,83886080,4.13,4,64,8,128,10234101760,12850260480
Qwen3.5-4B,mlp.down_proj,8,46.42822265625,94371840,4.13,4,128,8,128,10234101760,12850260480
Qwen3.5-4B,self_attn.o_proj,19,21.26953125,41943040,4.13,4,64,8,128,10234101760,12850260480
Qwen3.5-4B,mlp.gate_proj,4,46.42822265625,94371840,4.13,4,128,8,128,10234101760,12850260480
Qwen3.5-4B,mlp.up_proj,1,46.42822265625,94371840,4.13,4,128,8,128,10234101760,12850260480
Qwen3.5-4B,mlp.up_proj,19,46.42822265625,94371840,4.13,4,128,8,128,10234101760,12850260480
Qwen3.5-4B,mlp.up_proj,4,46.42822265625,94371840,4.13,4,128,8,128,10234101760,12850260480
Qwen3.5-4B,mlp.up_proj,29,46.42822265625,94371840,4.13,4,128,8,128,10234101760,12850260480
Qwen3.5-4B,mlp.down_proj,14,46.42822265625,94371840,4.13,4,128,8,128,10234101760,12850260480
Qwen3.5-4B,mlp.gate_proj,27,46.42822265625,94371840,4.13,4,128,8,128,10234101760,12850260480
Qwen3.5-4B,self_attn.v_proj,31,5.3173828125,10485760,4.13,4,64,8,128,10234101760,12850260480
Qwen3.5-4B,mlp.up_proj,31,46.42822265625,94371840,4.13,4,128,8,128,10234101760,12850260480
Qwen3.5-4B,mlp.gate_proj,2,46.42822265625,94371840,4.13,4,128,8,128,10234101760,12850260480
Qwen3.5-4B,self_attn.o_proj,31,21.26953125,41943040,4.13,4,64,8,128,10234101760,12850260480
Qwen3.5-4B,mlp.up_proj,13,46.42822265625,94371840,4.13,4,128,8,128,10234101760,12850260480
Qwen3.5-4B,mlp.gate_proj,3,46.42822265625,94371840,4.13,4,128,8,128,10234101760,12850260480
Qwen3.5-4B,mlp.down_proj,7,46.42822265625,94371840,4.13,4,128,8,128,10234101760,12850260480
Qwen3.5-4B,self_attn.q_proj,19,42.5390625,83886080,4.13,4,64,8,128,10234101760,12850260480
Qwen3.5-4B,self_attn.v_proj,27,5.3173828125,10485760,4.13,4,64,8,128,10234101760,12850260480
Qwen3.5-4B,mlp.down_proj,16,46.42822265625,94371840,4.13,4,128,8,128,10234101760,12850260480
Qwen3.5-4B,mlp.down_proj,23,46.42822265625,94371840,4.13,4,128,8,128,10234101760,12850260480
Qwen3.5-4B,mlp.down_proj,17,46.42822265625,94371840,4.13,4,128,8,128,10234101760,12850260480
Qwen3.5-4B,mlp.up_proj,24,46.42822265625,94371840,4.13,4,128,8,128,10234101760,12850260480
Qwen3.5-4B,self_attn.k_proj,3,5.15869140625,10485760,4.13,4,128,8,128,10234101760,12850260480
Qwen3.5-4B,mlp.gate_proj,21,46.42822265625,94371840,4.13,4,128,8,128,10234101760,12850260480
Qwen3.5-4B,mlp.gate_proj,11,46.42822265625,94371840,4.13,4,128,8,128,10234101760,12850260480
Qwen3.5-4B,self_attn.v_proj,7,5.15869140625,10485760,4.13,4,128,8,128,10234101760,12850260480
Qwen3.5-4B,self_attn.o_proj,3,20.634765625,41943040,4.13,4,128,8,128,10234101760,12850260480
Qwen3.5-4B,mlp.down_proj,0,46.42822265625,94371840,4.13,4,128,8,128,10234101760,12850260480
Qwen3.5-4B,self_attn.q_proj,3,41.26953125,83886080,4.13,4,128,8,128,10234101760,12850260480
Qwen3.5-4B,mlp.up_proj,11,46.42822265625,94371840,4.13,4,128,8,128,10234101760,12850260480
Qwen3.5-4B,mlp.gate_proj,30,46.42822265625,94371840,4.13,4,128,8,128,10234101760,12850260480
Qwen3.5-4B,mlp.gate_proj,31,46.42822265625,94371840,4.13,4,128,8,128,10234101760,12850260480
Qwen3.5-4B,self_attn.v_proj,15,5.3173828125,10485760,4.13,4,64,8,128,10234101760,12850260480
Qwen3.5-4B,mlp.down_proj,6,46.42822265625,94371840,4.13,4,128,8,128,10234101760,12850260480
Qwen3.5-4B,mlp.down_proj,12,46.42822265625,94371840,4.13,4,128,8,128,10234101760,12850260480
Qwen3.5-4B,self_attn.k_proj,27,5.3173828125,10485760,4.13,4,64,8,128,10234101760,12850260480
Qwen3.5-4B,mlp.up_proj,14,46.42822265625,94371840,4.13,4,128,8,128,10234101760,12850260480
Qwen3.5-4B,mlp.down_proj,11,46.42822265625,94371840,4.13,4,128,8,128,10234101760,12850260480
Qwen3.5-4B,self_attn.o_proj,11,21.26953125,41943040,4.13,4,64,8,128,10234101760,12850260480
Qwen3.5-4B,mlp.up_proj,20,46.42822265625,94371840,4.13,4,128,8,128,10234101760,12850260480
Qwen3.5-4B,mlp.gate_proj,24,46.42822265625,94371840,4.13,4,128,8,128,10234101760,12850260480
Qwen3.5-4B,mlp.up_proj,9,46.42822265625,94371840,4.13,4,128,8,128,10234101760,12850260480
Qwen3.5-4B,mlp.up_proj,28,46.42822265625,94371840,4.13,4,128,8,128,10234101760,12850260480
Qwen3.5-4B,mlp.gate_proj,8,46.42822265625,94371840,4.13,4,128,8,128,10234101760,12850260480
Qwen3.5-4B,mlp.up_proj,7,46.42822265625,94371840,4.13,4,128,8,128,10234101760,12850260480
Qwen3.5-4B,self_attn.k_proj,7,5.15869140625,10485760,4.13,4,128,8,128,10234101760,12850260480
Qwen3.5-4B,mlp.gate_proj,26,46.42822265625,94371840,4.13,4,128,8,128,10234101760,12850260480
Qwen3.5-4B,mlp.gate_proj,1,46.42822265625,94371840,4.13,4,128,8,128,10234101760,12850260480
Qwen3.5-4B,mlp.up_proj,10,46.42822265625,94371840,4.13,4,128,8,128,10234101760,12850260480
Qwen3.5-4B,mlp.up_proj,8,46.42822265625,94371840,4.13,4,128,8,128,10234101760,12850260480
Qwen3.5-4B,self_attn.v_proj,11,5.3173828125,10485760,4.13,4,64,8,128,10234101760,12850260480
Qwen3.5-4B,mlp.down_proj,26,46.42822265625,94371840,4.13,4,128,8,128,10234101760,12850260480
Qwen3.5-4B,mlp.down_proj,30,46.42822265625,94371840,4.13,4,128,8,128,10234101760,12850260480
Qwen3.5-4B,self_attn.o_proj,27,21.26953125,41943040,4.13,4,64,8,128,10234101760,12850260480
Qwen3.5-4B,self_attn.k_proj,23,5.3173828125,10485760,4.13,4,64,8,128,10234101760,12850260480
Qwen3.5-4B,mlp.gate_proj,5,46.42822265625,94371840,4.13,4,128,8,128,10234101760,12850260480
Qwen3.5-4B,mlp.gate_proj,13,46.42822265625,94371840,4.13,4,128,8,128,10234101760,12850260480
Qwen3.5-4B,mlp.up_proj,2,46.42822265625,94371840,4.13,4,128,8,128,10234101760,12850260480
Qwen3.5-4B,mlp.up_proj,0,46.42822265625,94371840,4.13,4,128,8,128,10234101760,12850260480
Qwen3.5-4B,mlp.down_proj,1,46.42822265625,94371840,4.13,4,128,8,128,10234101760,12850260480
Qwen3.5-4B,mlp.down_proj,25,46.42822265625,94371840,4.13,4,128,8,128,10234101760,12850260480
Qwen3.5-4B,self_attn.v_proj,19,5.3173828125,10485760,4.13,4,64,8,128,10234101760,12850260480
Qwen3.5-4B,mlp.gate_proj,12,46.42822265625,94371840,4.13,4,128,8,128,10234101760,12850260480
Qwen3.5-4B,mlp.up_proj,12,46.42822265625,94371840,4.13,4,128,8,128,10234101760,12850260480
Qwen3.5-4B,mlp.down_proj,5,47.8564453125,94371840,4.25,4,64,8,128,10234101760,12850260480
Qwen3.5-4B,self_attn.q_proj,7,42.5390625,83886080,4.25,4,64,8,128,10234101760,12850260480
Qwen3.5-4B,self_attn.q_proj,27,42.5390625,83886080,4.25,4,64,8,128,10234101760,12850260480
Qwen3.5-4B,mlp.up_proj,26,47.8564453125,94371840,4.25,4,64,8,128,10234101760,12850260480
Qwen3.5-4B,mlp.down_proj,9,47.8564453125,94371840,4.25,4,64,8,128,10234101760,12850260480
Qwen3.5-4B,self_attn.k_proj,15,5.3173828125,10485760,4.25,4,64,8,128,10234101760,12850260480
Qwen3.5-4B,mlp.down_proj,10,47.8564453125,94371840,4.25,4,64,8,128,10234101760,12850260480
Qwen3.5-4B,mlp.down_proj,29,47.8564453125,94371840,4.25,4,64,8,128,10234101760,12850260480
Qwen3.5-4B,mlp.down_proj,3,47.8564453125,94371840,4.25,4,64,8,128,10234101760,12850260480
Qwen3.5-4B,mlp.gate_proj,18,91.42822265625,94371840,4.25,8,128,8,128,10234101760,12850260480
Qwen3.5-4B,mlp.gate_proj,19,91.42822265625,94371840,4.25,8,128,8,128,10234101760,12850260480
Qwen3.5-4B,mlp.down_proj,31,47.8564453125,94371840,4.25,4,64,8,128,10234101760,12850260480
Qwen3.5-4B,self_attn.k_proj,31,5.3173828125,10485760,4.25,4,64,8,128,10234101760,12850260480
Qwen3.5-4B,mlp.up_proj,16,47.8564453125,94371840,4.25,4,64,8,128,10234101760,12850260480
Qwen3.5-4B,mlp.gate_proj,16,47.8564453125,94371840,4.25,4,64,8,128,10234101760,12850260480
Qwen3.5-4B,mlp.down_proj,4,47.8564453125,94371840,4.25,4,64,8,128,10234101760,12850260480
Qwen3.5-4B,mlp.up_proj,6,47.8564453125,94371840,4.25,4,64,8,128,10234101760,12850260480
Qwen3.5-4B,mlp.up_proj,18,47.8564453125,94371840,4.25,4,64,8,128,10234101760,12850260480
Qwen3.5-4B,self_attn.o_proj,15,21.26953125,41943040,4.25,4,64,8,128,10234101760,12850260480
Qwen3.5-4B,mlp.down_proj,24,47.8564453125,94371840,4.25,4,64,8,128,10234101760,12850260480
Qwen3.5-4B,mlp.down_proj,27,47.8564453125,94371840,4.25,4,64,8,128,10234101760,12850260480
Qwen3.5-4B,self_attn.q_proj,23,42.5390625,83886080,4.25,4,64,8,128,10234101760,12850260480
Qwen3.5-4B,mlp.gate_proj,10,47.8564453125,94371840,4.25,4,64,8,128,10234101760,12850260480
Qwen3.5-4B,mlp.gate_proj,7,47.8564453125,94371840,4.25,4,64,8,128,10234101760,12850260480
Qwen3.5-4B,mlp.up_proj,21,47.8564453125,94371840,4.25,4,64,8,128,10234101760,12850260480
Qwen3.5-4B,mlp.down_proj,22,47.8564453125,94371840,4.25,4,64,8,128,10234101760,12850260480
Qwen3.5-4B,self_attn.v_proj,3,5.3173828125,10485760,4.25,4,64,8,128,10234101760,12850260480
Qwen3.5-4B,mlp.up_proj,5,47.8564453125,94371840,4.25,4,64,8,128,10234101760,12850260480
Qwen3.5-4B,mlp.gate_proj,6,47.8564453125,94371840,4.25,4,64,8,128,10234101760,12850260480
Qwen3.5-4B,mlp.gate_proj,14,47.8564453125,94371840,4.25,4,64,8,128,10234101760,12850260480
Qwen3.5-4B,self_attn.q_proj,31,42.5390625,83886080,4.25,4,64,8,128,10234101760,12850260480
Qwen3.5-4B,mlp.gate_proj,20,47.8564453125,94371840,4.25,4,64,8,128,10234101760,12850260480
Qwen3.5-4B,mlp.down_proj,28,47.8564453125,94371840,4.25,4,64,8,128,10234101760,12850260480
Qwen3.5-4B,mlp.up_proj,30,47.8564453125,94371840,4.25,4,64,8,128,10234101760,12850260480
Qwen3.5-4B,mlp.up_proj,17,47.8564453125,94371840,4.25,4,64,8,128,10234101760,12850260480
Qwen3.5-4B,mlp.down_proj,19,47.8564453125,94371840,4.25,4,64,8,128,10234101760,12850260480
Qwen3.5-4B,self_attn.o_proj,7,21.26953125,41943040,4.25,4,64,8,128,10234101760,12850260480
Qwen3.5-4B,mlp.down_proj,13,47.8564453125,94371840,4.25,4,64,8,128,10234101760,12850260480
Qwen3.5-4B,mlp.gate_proj,0,47.8564453125,94371840,4.25,4,64,8,128,10234101760,12850260480
Qwen3.5-4B,mlp.gate_proj,9,47.8564453125,94371840,4.25,4,64,8,128,10234101760,12850260480
Qwen3.5-4B,mlp.down_proj,15,47.8564453125,94371840,4.25,4,64,8,128,10234101760,12850260480
Qwen3.5-4B,mlp.gate_proj,22,47.8564453125,94371840,4.25,4,64,8,128,10234101760,12850260480
Qwen3.5-4B,self_attn.o_proj,23,21.26953125,41943040,4.25,4,64,8,128,10234101760,12850260480
Qwen3.5-4B,mlp.gate_proj,23,91.42822265625,94371840,4.25,8,128,8,128,10234101760,12850260480
Qwen3.5-4B,self_attn.q_proj,15,42.5390625,83886080,4.25,4,64,8,128,10234101760,12850260480
Qwen3.5-4B,mlp.down_proj,20,47.8564453125,94371840,4.25,4,64,8,128,10234101760,12850260480
Qwen3.5-4B,mlp.gate_proj,28,47.8564453125,94371840,4.25,4,64,8,128,10234101760,12850260480
Qwen3.5-4B,mlp.gate_proj,29,47.8564453125,94371840,4.25,4,64,8,128,10234101760,12850260480
Qwen3.5-4B,mlp.gate_proj,25,47.8564453125,94371840,4.25,4,64,8,128,10234101760,12850260480
Qwen3.5-4B,mlp.down_proj,18,47.8564453125,94371840,4.25,4,64,8,128,10234101760,12850260480
Qwen3.5-4B,mlp.down_proj,2,47.8564453125,94371840,4.25,4,64,8,128,10234101760,12850260480
Qwen3.5-4B,mlp.up_proj,22,47.8564453125,94371840,4.25,4,64,8,128,10234101760,12850260480
Qwen3.5-4B,mlp.up_proj,25,47.8564453125,94371840,4.25,4,64,8,128,10234101760,12850260480
Qwen3.5-4B,mlp.down_proj,21,47.8564453125,94371840,4.25,4,64,8,128,10234101760,12850260480
Qwen3.5-4B,mlp.up_proj,15,47.8564453125,94371840,4.25,4,64,8,128,10234101760,12850260480
Qwen3.5-4B,self_attn.v_proj,23,5.3173828125,10485760,4.25,4,64,8,128,10234101760,12850260480
Qwen3.5-4B,self_attn.k_proj,11,5.3173828125,10485760,4.25,4,64,8,128,10234101760,12850260480
Qwen3.5-4B,mlp.gate_proj,17,47.8564453125,94371840,4.25,4,64,8,128,10234101760,12850260480
Qwen3.5-4B,mlp.up_proj,23,47.8564453125,94371840,4.25,4,64,8,128,10234101760,12850260480
Qwen3.5-4B,self_attn.k_proj,19,5.3173828125,10485760,4.25,4,64,8,128,10234101760,12850260480
Qwen3.5-4B,mlp.gate_proj,15,47.8564453125,94371840,4.25,4,64,8,128,10234101760,12850260480
Qwen3.5-4B,mlp.up_proj,27,47.8564453125,94371840,4.25,4,64,8,128,10234101760,12850260480
Qwen3.5-4B,mlp.up_proj,3,47.8564453125,94371840,4.25,4,64,8,128,10234101760,12850260480
Qwen3.5-4B,self_attn.q_proj,11,42.5390625,83886080,4.25,4,64,8,128,10234101760,12850260480
Qwen3.5-4B,mlp.down_proj,8,47.8564453125,94371840,4.25,4,64,8,128,10234101760,12850260480
Qwen3.5-4B,self_attn.o_proj,19,21.26953125,41943040,4.25,4,64,8,128,10234101760,12850260480
Qwen3.5-4B,mlp.gate_proj,4,47.8564453125,94371840,4.25,4,64,8,128,10234101760,12850260480
Qwen3.5-4B,mlp.up_proj,1,47.8564453125,94371840,4.25,4,64,8,128,10234101760,12850260480
Qwen3.5-4B,mlp.up_proj,19,47.8564453125,94371840,4.25,4,64,8,128,10234101760,12850260480
Qwen3.5-4B,mlp.up_proj,4,47.8564453125,94371840,4.25,4,64,8,128,10234101760,12850260480
Qwen3.5-4B,mlp.up_proj,29,47.8564453125,94371840,4.25,4,64,8,128,10234101760,12850260480
Qwen3.5-4B,mlp.down_proj,14,47.8564453125,94371840,4.25,4,64,8,128,10234101760,12850260480
Qwen3.5-4B,mlp.gate_proj,27,47.8564453125,94371840,4.25,4,64,8,128,10234101760,12850260480
Qwen3.5-4B,self_attn.v_proj,31,5.3173828125,10485760,4.25,4,64,8,128,10234101760,12850260480
Qwen3.5-4B,mlp.up_proj,31,47.8564453125,94371840,4.25,4,64,8,128,10234101760,12850260480
Qwen3.5-4B,mlp.gate_proj,2,47.8564453125,94371840,4.25,4,64,8,128,10234101760,12850260480
Qwen3.5-4B,self_attn.o_proj,31,21.26953125,41943040,4.25,4,64,8,128,10234101760,12850260480
Qwen3.5-4B,mlp.up_proj,13,47.8564453125,94371840,4.25,4,64,8,128,10234101760,12850260480
Qwen3.5-4B,mlp.gate_proj,3,47.8564453125,94371840,4.25,4,64,8,128,10234101760,12850260480
Qwen3.5-4B,mlp.down_proj,7,47.8564453125,94371840,4.25,4,64,8,128,10234101760,12850260480
Qwen3.5-4B,self_attn.q_proj,19,42.5390625,83886080,4.25,4,64,8,128,10234101760,12850260480
Qwen3.5-4B,self_attn.v_proj,27,5.3173828125,10485760,4.25,4,64,8,128,10234101760,12850260480
Qwen3.5-4B,mlp.down_proj,16,47.8564453125,94371840,4.25,4,64,8,128,10234101760,12850260480
Qwen3.5-4B,mlp.down_proj,23,47.8564453125,94371840,4.25,4,64,8,128,10234101760,12850260480
Qwen3.5-4B,mlp.down_proj,17,47.8564453125,94371840,4.25,4,64,8,128,10234101760,12850260480
Qwen3.5-4B,mlp.up_proj,24,47.8564453125,94371840,4.25,4,64,8,128,10234101760,12850260480
Qwen3.5-4B,self_attn.k_proj,3,5.3173828125,10485760,4.25,4,64,8,128,10234101760,12850260480
Qwen3.5-4B,mlp.gate_proj,21,47.8564453125,94371840,4.25,4,64,8,128,10234101760,12850260480
Qwen3.5-4B,mlp.gate_proj,11,47.8564453125,94371840,4.25,4,64,8,128,10234101760,12850260480
Qwen3.5-4B,self_attn.v_proj,7,5.3173828125,10485760,4.25,4,64,8,128,10234101760,12850260480
Qwen3.5-4B,self_attn.o_proj,3,21.26953125,41943040,4.25,4,64,8,128,10234101760,12850260480
Qwen3.5-4B,mlp.down_proj,0,47.8564453125,94371840,4.25,4,64,8,128,10234101760,12850260480
Qwen3.5-4B,self_attn.q_proj,3,42.5390625,83886080,4.25,4,64,8,128,10234101760,12850260480
Qwen3.5-4B,mlp.up_proj,11,47.8564453125,94371840,4.25,4,64,8,128,10234101760,12850260480
Qwen3.5-4B,mlp.gate_proj,30,47.8564453125,94371840,4.25,4,64,8,128,10234101760,12850260480
Qwen3.5-4B,mlp.gate_proj,31,47.8564453125,94371840,4.25,4,64,8,128,10234101760,12850260480
Qwen3.5-4B,self_attn.v_proj,15,5.3173828125,10485760,4.25,4,64,8,128,10234101760,12850260480
Qwen3.5-4B,mlp.down_proj,6,47.8564453125,94371840,4.25,4,64,8,128,10234101760,12850260480
Qwen3.5-4B,mlp.down_proj,12,47.8564453125,94371840,4.25,4,64,8,128,10234101760,12850260480
Qwen3.5-4B,self_attn.k_proj,27,5.3173828125,10485760,4.25,4,64,8,128,10234101760,12850260480
Qwen3.5-4B,mlp.up_proj,14,47.8564453125,94371840,4.25,4,64,8,128,10234101760,12850260480
Qwen3.5-4B,mlp.down_proj,11,47.8564453125,94371840,4.25,4,64,8,128,10234101760,12850260480
Qwen3.5-4B,self_attn.o_proj,11,21.26953125,41943040,4.25,4,64,8,128,10234101760,12850260480
Qwen3.5-4B,mlp.up_proj,20,47.8564453125,94371840,4.25,4,64,8,128,10234101760,12850260480
Qwen3.5-4B,mlp.gate_proj,24,47.8564453125,94371840,4.25,4,64,8,128,10234101760,12850260480
Qwen3.5-4B,mlp.up_proj,9,47.8564453125,94371840,4.25,4,64,8,128,10234101760,12850260480
Qwen3.5-4B,mlp.up_proj,28,47.8564453125,94371840,4.25,4,64,8,128,10234101760,12850260480
Qwen3.5-4B,mlp.gate_proj,8,47.8564453125,94371840,4.25,4,64,8,128,10234101760,12850260480
Qwen3.5-4B,mlp.up_proj,7,47.8564453125,94371840,4.25,4,64,8,128,10234101760,12850260480
Qwen3.5-4B,self_attn.k_proj,7,5.3173828125,10485760,4.25,4,64,8,128,10234101760,12850260480
Qwen3.5-4B,mlp.gate_proj,26,47.8564453125,94371840,4.25,4,64,8,128,10234101760,12850260480
Qwen3.5-4B,mlp.gate_proj,1,47.8564453125,94371840,4.25,4,64,8,128,10234101760,12850260480
Qwen3.5-4B,mlp.up_proj,10,47.8564453125,94371840,4.25,4,64,8,128,10234101760,12850260480
Qwen3.5-4B,mlp.up_proj,8,47.8564453125,94371840,4.25,4,64,8,128,10234101760,12850260480
Qwen3.5-4B,self_attn.v_proj,11,5.3173828125,10485760,4.25,4,64,8,128,10234101760,12850260480
Qwen3.5-4B,mlp.down_proj,26,47.8564453125,94371840,4.25,4,64,8,128,10234101760,12850260480
Qwen3.5-4B,mlp.down_proj,30,47.8564453125,94371840,4.25,4,64,8,128,10234101760,12850260480
Qwen3.5-4B,self_attn.o_proj,27,21.26953125,41943040,4.25,4,64,8,128,10234101760,12850260480
Qwen3.5-4B,self_attn.k_proj,23,5.3173828125,10485760,4.25,4,64,8,128,10234101760,12850260480
Qwen3.5-4B,mlp.gate_proj,5,47.8564453125,94371840,4.25,4,64,8,128,10234101760,12850260480
Qwen3.5-4B,mlp.gate_proj,13,47.8564453125,94371840,4.25,4,64,8,128,10234101760,12850260480
Qwen3.5-4B,mlp.up_proj,2,47.8564453125,94371840,4.25,4,64,8,128,10234101760,12850260480
Qwen3.5-4B,mlp.up_proj,0,47.8564453125,94371840,4.25,4,64,8,128,10234101760,12850260480
Qwen3.5-4B,mlp.down_proj,1,47.8564453125,94371840,4.25,4,64,8,128,10234101760,12850260480
Qwen3.5-4B,mlp.down_proj,25,47.8564453125,94371840,4.25,4,64,8,128,10234101760,12850260480
Qwen3.5-4B,self_attn.v_proj,19,5.3173828125,10485760,4.25,4,64,8,128,10234101760,12850260480
Qwen3.5-4B,mlp.gate_proj,12,47.8564453125,94371840,4.25,4,64,8,128,10234101760,12850260480
Qwen3.5-4B,mlp.up_proj,12,47.8564453125,94371840,4.25,4,64,8,128,10234101760,12850260480
Qwen3.5-4B,mlp.down_proj,5,50.712890625,94371840,4.51,4,32,8,128,10234101760,12850260480
Qwen3.5-4B,self_attn.q_proj,7,45.078125,83886080,4.51,4,32,8,128,10234101760,12850260480
Qwen3.5-4B,self_attn.q_proj,27,42.5390625,83886080,4.51,4,64,8,128,10234101760,12850260480
Qwen3.5-4B,mlp.up_proj,26,50.712890625,94371840,4.51,4,32,8,128,10234101760,12850260480
Qwen3.5-4B,mlp.down_proj,9,50.712890625,94371840,4.51,4,32,8,128,10234101760,12850260480
Qwen3.5-4B,self_attn.k_proj,15,5.3173828125,10485760,4.51,4,64,8,128,10234101760,12850260480
Qwen3.5-4B,mlp.down_proj,10,50.712890625,94371840,4.51,4,32,8,128,10234101760,12850260480
Qwen3.5-4B,mlp.down_proj,29,50.712890625,94371840,4.51,4,32,8,128,10234101760,12850260480
Qwen3.5-4B,mlp.down_proj,3,50.712890625,94371840,4.51,4,32,8,128,10234101760,12850260480
Qwen3.5-4B,mlp.gate_proj,18,92.8564453125,94371840,4.51,8,64,8,128,10234101760,12850260480
Qwen3.5-4B,mlp.gate_proj,19,92.8564453125,94371840,4.51,8,64,8,128,10234101760,12850260480
Qwen3.5-4B,mlp.down_proj,31,50.712890625,94371840,4.51,4,32,8,128,10234101760,12850260480
Qwen3.5-4B,self_attn.k_proj,31,5.3173828125,10485760,4.51,4,64,8,128,10234101760,12850260480
Qwen3.5-4B,mlp.up_proj,16,50.712890625,94371840,4.51,4,32,8,128,10234101760,12850260480
Qwen3.5-4B,mlp.gate_proj,16,50.712890625,94371840,4.51,4,32,8,128,10234101760,12850260480
Qwen3.5-4B,mlp.down_proj,4,50.712890625,94371840,4.51,4,32,8,128,10234101760,12850260480
Qwen3.5-4B,mlp.up_proj,6,50.712890625,94371840,4.51,4,32,8,128,10234101760,12850260480
Qwen3.5-4B,mlp.up_proj,18,50.712890625,94371840,4.51,4,32,8,128,10234101760,12850260480
Qwen3.5-4B,self_attn.o_proj,15,21.26953125,41943040,4.51,4,64,8,128,10234101760,12850260480
Qwen3.5-4B,mlp.down_proj,24,50.712890625,94371840,4.51,4,32,8,128,10234101760,12850260480
Qwen3.5-4B,mlp.down_proj,27,50.712890625,94371840,4.51,4,32,8,128,10234101760,12850260480
Qwen3.5-4B,self_attn.q_proj,23,42.5390625,83886080,4.51,4,64,8,128,10234101760,12850260480
Qwen3.5-4B,mlp.gate_proj,10,50.712890625,94371840,4.51,4,32,8,128,10234101760,12850260480
Qwen3.5-4B,mlp.gate_proj,7,50.712890625,94371840,4.51,4,32,8,128,10234101760,12850260480
Qwen3.5-4B,mlp.up_proj,21,50.712890625,94371840,4.51,4,32,8,128,10234101760,12850260480
Qwen3.5-4B,mlp.down_proj,22,50.712890625,94371840,4.51,4,32,8,128,10234101760,12850260480
Qwen3.5-4B,self_attn.v_proj,3,5.634765625,10485760,4.51,4,32,8,128,10234101760,12850260480
Qwen3.5-4B,mlp.up_proj,5,50.712890625,94371840,4.51,4,32,8,128,10234101760,12850260480
Qwen3.5-4B,mlp.gate_proj,6,50.712890625,94371840,4.51,4,32,8,128,10234101760,12850260480
Qwen3.5-4B,mlp.gate_proj,14,50.712890625,94371840,4.51,4,32,8,128,10234101760,12850260480
Qwen3.5-4B,self_attn.q_proj,31,42.5390625,83886080,4.51,4,64,8,128,10234101760,12850260480
Qwen3.5-4B,mlp.gate_proj,20,50.712890625,94371840,4.51,4,32,8,128,10234101760,12850260480
Qwen3.5-4B,mlp.down_proj,28,50.712890625,94371840,4.51,4,32,8,128,10234101760,12850260480
Qwen3.5-4B,mlp.up_proj,30,50.712890625,94371840,4.51,4,32,8,128,10234101760,12850260480
Qwen3.5-4B,mlp.up_proj,17,50.712890625,94371840,4.51,4,32,8,128,10234101760,12850260480
Qwen3.5-4B,mlp.down_proj,19,50.712890625,94371840,4.51,4,32,8,128,10234101760,12850260480
Qwen3.5-4B,self_attn.o_proj,7,22.5390625,41943040,4.51,4,32,8,128,10234101760,12850260480
Qwen3.5-4B,mlp.down_proj,13,50.712890625,94371840,4.51,4,32,8,128,10234101760,12850260480
Qwen3.5-4B,mlp.gate_proj,0,50.712890625,94371840,4.51,4,32,8,128,10234101760,12850260480
Qwen3.5-4B,mlp.gate_proj,9,50.712890625,94371840,4.51,4,32,8,128,10234101760,12850260480
Qwen3.5-4B,mlp.down_proj,15,50.712890625,94371840,4.51,4,32,8,128,10234101760,12850260480
Qwen3.5-4B,mlp.gate_proj,22,50.712890625,94371840,4.51,4,32,8,128,10234101760,12850260480
Qwen3.5-4B,self_attn.o_proj,23,21.26953125,41943040,4.51,4,64,8,128,10234101760,12850260480
Qwen3.5-4B,mlp.gate_proj,23,92.8564453125,94371840,4.51,8,64,8,128,10234101760,12850260480
Qwen3.5-4B,self_attn.q_proj,15,42.5390625,83886080,4.51,4,64,8,128,10234101760,12850260480
Qwen3.5-4B,mlp.down_proj,20,50.712890625,94371840,4.51,4,32,8,128,10234101760,12850260480
Qwen3.5-4B,mlp.gate_proj,28,50.712890625,94371840,4.51,4,32,8,128,10234101760,12850260480
Qwen3.5-4B,mlp.gate_proj,29,50.712890625,94371840,4.51,4,32,8,128,10234101760,12850260480
Qwen3.5-4B,mlp.gate_proj,25,50.712890625,94371840,4.51,4,32,8,128,10234101760,12850260480
Qwen3.5-4B,mlp.down_proj,18,50.712890625,94371840,4.51,4,32,8,128,10234101760,12850260480
Qwen3.5-4B,mlp.down_proj,2,50.712890625,94371840,4.51,4,32,8,128,10234101760,12850260480
Qwen3.5-4B,mlp.up_proj,22,50.712890625,94371840,4.51,4,32,8,128,10234101760,12850260480
Qwen3.5-4B,mlp.up_proj,25,50.712890625,94371840,4.51,4,32,8,128,10234101760,12850260480
Qwen3.5-4B,mlp.down_proj,21,50.712890625,94371840,4.51,4,32,8,128,10234101760,12850260480
Qwen3.5-4B,mlp.up_proj,15,50.712890625,94371840,4.51,4,32,8,128,10234101760,12850260480
Qwen3.5-4B,self_attn.v_proj,23,5.3173828125,10485760,4.51,4,64,8,128,10234101760,12850260480
Qwen3.5-4B,self_attn.k_proj,11,5.3173828125,10485760,4.51,4,64,8,128,10234101760,12850260480
Qwen3.5-4B,mlp.gate_proj,17,50.712890625,94371840,4.51,4,32,8,128,10234101760,12850260480
Qwen3.5-4B,mlp.up_proj,23,50.712890625,94371840,4.51,4,32,8,128,10234101760,12850260480
Qwen3.5-4B,self_attn.k_proj,19,5.3173828125,10485760,4.51,4,64,8,128,10234101760,12850260480
Qwen3.5-4B,mlp.gate_proj,15,50.712890625,94371840,4.51,4,32,8,128,10234101760,12850260480
Qwen3.5-4B,mlp.up_proj,27,50.712890625,94371840,4.51,4,32,8,128,10234101760,12850260480
Qwen3.5-4B,mlp.up_proj,3,50.712890625,94371840,4.51,4,32,8,128,10234101760,12850260480
Qwen3.5-4B,self_attn.q_proj,11,42.5390625,83886080,4.51,4,64,8,128,10234101760,12850260480
Qwen3.5-4B,mlp.down_proj,8,50.712890625,94371840,4.51,4,32,8,128,10234101760,12850260480
Qwen3.5-4B,self_attn.o_proj,19,21.26953125,41943040,4.51,4,64,8,128,10234101760,12850260480
Qwen3.5-4B,mlp.gate_proj,4,50.712890625,94371840,4.51,4,32,8,128,10234101760,12850260480
Qwen3.5-4B,mlp.up_proj,1,50.712890625,94371840,4.51,4,32,8,128,10234101760,12850260480
Qwen3.5-4B,mlp.up_proj,19,50.712890625,94371840,4.51,4,32,8,128,10234101760,12850260480
Qwen3.5-4B,mlp.up_proj,4,50.712890625,94371840,4.51,4,32,8,128,10234101760,12850260480
Qwen3.5-4B,mlp.up_proj,29,50.712890625,94371840,4.51,4,32,8,128,10234101760,12850260480
Qwen3.5-4B,mlp.down_proj,14,50.712890625,94371840,4.51,4,32,8,128,10234101760,12850260480
Qwen3.5-4B,mlp.gate_proj,27,50.712890625,94371840,4.51,4,32,8,128,10234101760,12850260480
Qwen3.5-4B,self_attn.v_proj,31,5.3173828125,10485760,4.51,4,64,8,128,10234101760,12850260480
Qwen3.5-4B,mlp.up_proj,31,50.712890625,94371840,4.51,4,32,8,128,10234101760,12850260480
Qwen3.5-4B,mlp.gate_proj,2,50.712890625,94371840,4.51,4,32,8,128,10234101760,12850260480
Qwen3.5-4B,self_attn.o_proj,31,21.26953125,41943040,4.51,4,64,8,128,10234101760,12850260480
Qwen3.5-4B,mlp.up_proj,13,50.712890625,94371840,4.51,4,32,8,128,10234101760,12850260480
Qwen3.5-4B,mlp.gate_proj,3,50.712890625,94371840,4.51,4,32,8,128,10234101760,12850260480
Qwen3.5-4B,mlp.down_proj,7,50.712890625,94371840,4.51,4,32,8,128,10234101760,12850260480
Qwen3.5-4B,self_attn.q_proj,19,42.5390625,83886080,4.51,4,64,8,128,10234101760,12850260480
Qwen3.5-4B,self_attn.v_proj,27,5.3173828125,10485760,4.51,4,64,8,128,10234101760,12850260480
Qwen3.5-4B,mlp.down_proj,16,50.712890625,94371840,4.51,4,32,8,128,10234101760,12850260480
Qwen3.5-4B,mlp.down_proj,23,50.712890625,94371840,4.51,4,32,8,128,10234101760,12850260480
Qwen3.5-4B,mlp.down_proj,17,50.712890625,94371840,4.51,4,32,8,128,10234101760,12850260480
Qwen3.5-4B,mlp.up_proj,24,50.712890625,94371840,4.51,4,32,8,128,10234101760,12850260480
Qwen3.5-4B,self_attn.k_proj,3,5.634765625,10485760,4.51,4,32,8,128,10234101760,12850260480
Qwen3.5-4B,mlp.gate_proj,21,50.712890625,94371840,4.51,4,32,8,128,10234101760,12850260480
Qwen3.5-4B,mlp.gate_proj,11,50.712890625,94371840,4.51,4,32,8,128,10234101760,12850260480
Qwen3.5-4B,self_attn.v_proj,7,5.634765625,10485760,4.51,4,32,8,128,10234101760,12850260480
Qwen3.5-4B,self_attn.o_proj,3,22.5390625,41943040,4.51,4,32,8,128,10234101760,12850260480
Qwen3.5-4B,mlp.down_proj,0,50.712890625,94371840,4.51,4,32,8,128,10234101760,12850260480
Qwen3.5-4B,self_attn.q_proj,3,45.078125,83886080,4.51,4,32,8,128,10234101760,12850260480
Qwen3.5-4B,mlp.up_proj,11,50.712890625,94371840,4.51,4,32,8,128,10234101760,12850260480
Qwen3.5-4B,mlp.gate_proj,30,50.712890625,94371840,4.51,4,32,8,128,10234101760,12850260480
Qwen3.5-4B,mlp.gate_proj,31,50.712890625,94371840,4.51,4,32,8,128,10234101760,12850260480
Qwen3.5-4B,self_attn.v_proj,15,5.3173828125,10485760,4.51,4,64,8,128,10234101760,12850260480
Qwen3.5-4B,mlp.down_proj,6,50.712890625,94371840,4.51,4,32,8,128,10234101760,12850260480
Qwen3.5-4B,mlp.down_proj,12,50.712890625,94371840,4.51,4,32,8,128,10234101760,12850260480
Qwen3.5-4B,self_attn.k_proj,27,5.3173828125,10485760,4.51,4,64,8,128,10234101760,12850260480
Qwen3.5-4B,mlp.up_proj,14,50.712890625,94371840,4.51,4,32,8,128,10234101760,12850260480
Qwen3.5-4B,mlp.down_proj,11,50.712890625,94371840,4.51,4,32,8,128,10234101760,12850260480
Qwen3.5-4B,self_attn.o_proj,11,21.26953125,41943040,4.51,4,64,8,128,10234101760,12850260480
Qwen3.5-4B,mlp.up_proj,20,50.712890625,94371840,4.51,4,32,8,128,10234101760,12850260480
Qwen3.5-4B,mlp.gate_proj,24,50.712890625,94371840,4.51,4,32,8,128,10234101760,12850260480
Qwen3.5-4B,mlp.up_proj,9,50.712890625,94371840,4.51,4,32,8,128,10234101760,12850260480
Qwen3.5-4B,mlp.up_proj,28,50.712890625,94371840,4.51,4,32,8,128,10234101760,12850260480
Qwen3.5-4B,mlp.gate_proj,8,50.712890625,94371840,4.51,4,32,8,128,10234101760,12850260480
Qwen3.5-4B,mlp.up_proj,7,50.712890625,94371840,4.51,4,32,8,128,10234101760,12850260480
Qwen3.5-4B,self_attn.k_proj,7,5.634765625,10485760,4.51,4,32,8,128,10234101760,12850260480
Qwen3.5-4B,mlp.gate_proj,26,50.712890625,94371840,4.51,4,32,8,128,10234101760,12850260480
Qwen3.5-4B,mlp.gate_proj,1,50.712890625,94371840,4.51,4,32,8,128,10234101760,12850260480
Qwen3.5-4B,mlp.up_proj,10,50.712890625,94371840,4.51,4,32,8,128,10234101760,12850260480
Qwen3.5-4B,mlp.up_proj,8,50.712890625,94371840,4.51,4,32,8,128,10234101760,12850260480
Qwen3.5-4B,self_attn.v_proj,11,5.3173828125,10485760,4.51,4,64,8,128,10234101760,12850260480
Qwen3.5-4B,mlp.down_proj,26,50.712890625,94371840,4.51,4,32,8,128,10234101760,12850260480
Qwen3.5-4B,mlp.down_proj,30,50.712890625,94371840,4.51,4,32,8,128,10234101760,12850260480
Qwen3.5-4B,self_attn.o_proj,27,21.26953125,41943040,4.51,4,64,8,128,10234101760,12850260480
Qwen3.5-4B,self_attn.k_proj,23,5.3173828125,10485760,4.51,4,64,8,128,10234101760,12850260480
Qwen3.5-4B,mlp.gate_proj,5,50.712890625,94371840,4.51,4,32,8,128,10234101760,12850260480
Qwen3.5-4B,mlp.gate_proj,13,50.712890625,94371840,4.51,4,32,8,128,10234101760,12850260480
Qwen3.5-4B,mlp.up_proj,2,50.712890625,94371840,4.51,4,32,8,128,10234101760,12850260480
Qwen3.5-4B,mlp.up_proj,0,50.712890625,94371840,4.51,4,32,8,128,10234101760,12850260480
Qwen3.5-4B,mlp.down_proj,1,50.712890625,94371840,4.51,4,32,8,128,10234101760,12850260480
Qwen3.5-4B,mlp.down_proj,25,50.712890625,94371840,4.51,4,32,8,128,10234101760,12850260480
Qwen3.5-4B,self_attn.v_proj,19,5.3173828125,10485760,4.51,4,64,8,128,10234101760,12850260480
Qwen3.5-4B,mlp.gate_proj,12,50.712890625,94371840,4.51,4,32,8,128,10234101760,12850260480
Qwen3.5-4B,mlp.up_proj,12,50.712890625,94371840,4.51,4,32,8,128,10234101760,12850260480
Qwen3.5-9B,mlp.down_proj,5,20.012671768665314,53687552,3.13,3,128,8,128,6688564224,10796431232
Qwen3.5-9B,self_attn.q_proj,7,13.341940224170685,35792128,3.13,3,128,8,128,6688564224,10796431232
Qwen3.5-9B,self_attn.q_proj,27,68.0625,134217728,3.13,4,64,8,128,6688564224,10796431232
Qwen3.5-9B,mlp.up_proj,26,20.012671768665314,53687552,3.13,3,128,8,128,6688564224,10796431232
Qwen3.5-9B,mlp.down_proj,9,20.012671768665314,53687552,3.13,3,128,8,128,6688564224,10796431232
Qwen3.5-9B,self_attn.k_proj,15,8.5078125,16777216,3.13,4,64,8,128,6688564224,10796431232
Qwen3.5-9B,mlp.down_proj,10,20.012671768665314,53687552,3.13,3,128,8,128,6688564224,10796431232
Qwen3.5-9B,mlp.down_proj,29,20.012671768665314,53687552,3.13,3,128,8,128,6688564224,10796431232
Qwen3.5-9B,mlp.down_proj,3,20.012671768665314,53687552,3.13,3,128,8,128,6688564224,10796431232
Qwen3.5-9B,mlp.gate_proj,18,22.450085639953613,53687296,3.13,3,32,8,128,6688564224,10796431232
Qwen3.5-9B,mlp.gate_proj,19,22.450085639953613,53687296,3.13,3,32,8,128,6688564224,10796431232
Qwen3.5-9B,mlp.down_proj,31,20.012671768665314,53687552,3.13,3,128,8,128,6688564224,10796431232
Qwen3.5-9B,self_attn.k_proj,31,8.5078125,16777216,3.13,4,64,8,128,6688564224,10796431232
Qwen3.5-9B,mlp.up_proj,16,20.012671768665314,53687552,3.13,3,128,8,128,6688564224,10796431232
Qwen3.5-9B,mlp.gate_proj,16,20.012671768665314,53687552,3.13,3,128,8,128,6688564224,10796431232
Qwen3.5-9B,mlp.down_proj,4,20.012671768665314,53687552,3.13,3,128,8,128,6688564224,10796431232
Qwen3.5-9B,mlp.up_proj,6,20.012671768665314,53687552,3.13,3,128,8,128,6688564224,10796431232
Qwen3.5-9B,mlp.up_proj,18,20.012671768665314,53687552,3.13,3,128,8,128,6688564224,10796431232
Qwen3.5-9B,self_attn.o_proj,15,34.03125,67108864,3.13,4,64,8,128,6688564224,10796431232
Qwen3.5-9B,mlp.down_proj,24,20.012671768665314,53687552,3.13,3,128,8,128,6688564224,10796431232
Qwen3.5-9B,mlp.down_proj,27,20.012671768665314,53687552,3.13,3,128,8,128,6688564224,10796431232
Qwen3.5-9B,self_attn.q_proj,23,68.0625,134217728,3.13,4,64,8,128,6688564224,10796431232
Qwen3.5-9B,mlp.gate_proj,10,20.012671768665314,53687552,3.13,3,128,8,128,6688564224,10796431232
Qwen3.5-9B,mlp.gate_proj,7,20.012671768665314,53687552,3.13,3,128,8,128,6688564224,10796431232
Qwen3.5-9B,mlp.up_proj,21,20.012671768665314,53687552,3.13,3,128,8,128,6688564224,10796431232
Qwen3.5-9B,mlp.down_proj,22,20.012671768665314,53687552,3.13,3,128,8,128,6688564224,10796431232
Qwen3.5-9B,self_attn.v_proj,3,1.6677783131599426,4474112,3.13,3,128,8,128,6688564224,10796431232
Qwen3.5-9B,mlp.up_proj,5,20.012671768665314,53687552,3.13,3,128,8,128,6688564224,10796431232
Qwen3.5-9B,mlp.gate_proj,6,20.012671768665314,53687552,3.13,3,128,8,128,6688564224,10796431232
Qwen3.5-9B,mlp.gate_proj,14,20.012671768665314,53687552,3.13,3,128,8,128,6688564224,10796431232
Qwen3.5-9B,self_attn.q_proj,31,68.0625,134217728,3.13,4,64,8,128,6688564224,10796431232
Qwen3.5-9B,mlp.gate_proj,20,20.012671768665314,53687552,3.13,3,128,8,128,6688564224,10796431232
Qwen3.5-9B,mlp.down_proj,28,20.012671768665314,53687552,3.13,3,128,8,128,6688564224,10796431232
Qwen3.5-9B,mlp.up_proj,30,20.012671768665314,53687552,3.13,3,128,8,128,6688564224,10796431232
Qwen3.5-9B,mlp.up_proj,17,20.012671768665314,53687552,3.13,3,128,8,128,6688564224,10796431232
Qwen3.5-9B,mlp.down_proj,19,20.012671768665314,53687552,3.13,3,128,8,128,6688564224,10796431232
Qwen3.5-9B,self_attn.o_proj,7,6.671208679676056,17896704,3.13,3,128,8,128,6688564224,10796431232
Qwen3.5-9B,mlp.down_proj,13,20.012671768665314,53687552,3.13,3,128,8,128,6688564224,10796431232
Qwen3.5-9B,mlp.gate_proj,0,20.012671768665314,53687552,3.13,3,128,8,128,6688564224,10796431232
Qwen3.5-9B,mlp.gate_proj,9,20.012671768665314,53687552,3.13,3,128,8,128,6688564224,10796431232
Qwen3.5-9B,mlp.down_proj,15,20.012671768665314,53687552,3.13,3,128,8,128,6688564224,10796431232
Qwen3.5-9B,mlp.gate_proj,22,20.012671768665314,53687552,3.13,3,128,8,128,6688564224,10796431232
Qwen3.5-9B,self_attn.o_proj,23,34.03125,67108864,3.13,4,64,8,128,6688564224,10796431232
Qwen3.5-9B,mlp.gate_proj,23,22.450085639953613,53687296,3.13,3,32,8,128,6688564224,10796431232
Qwen3.5-9B,self_attn.q_proj,15,68.0625,134217728,3.13,4,64,8,128,6688564224,10796431232
Qwen3.5-9B,mlp.down_proj,20,20.012671768665314,53687552,3.13,3,128,8,128,6688564224,10796431232
Qwen3.5-9B,mlp.gate_proj,28,20.012671768665314,53687552,3.13,3,128,8,128,6688564224,10796431232
Qwen3.5-9B,mlp.gate_proj,29,20.012671768665314,53687552,3.13,3,128,8,128,6688564224,10796431232
Qwen3.5-9B,mlp.gate_proj,25,20.012671768665314,53687552,3.13,3,128,8,128,6688564224,10796431232
Qwen3.5-9B,mlp.down_proj,18,20.012671768665314,53687552,3.13,3,128,8,128,6688564224,10796431232
Qwen3.5-9B,mlp.down_proj,2,22.450085639953613,53687296,3.13,3,32,8,128,6688564224,10796431232
Qwen3.5-9B,mlp.up_proj,22,20.012671768665314,53687552,3.13,3,128,8,128,6688564224,10796431232
Qwen3.5-9B,mlp.up_proj,25,20.012671768665314,53687552,3.13,3,128,8,128,6688564224,10796431232
Qwen3.5-9B,mlp.down_proj,21,20.012671768665314,53687552,3.13,3,128,8,128,6688564224,10796431232
Qwen3.5-9B,mlp.up_proj,15,20.012671768665314,53687552,3.13,3,128,8,128,6688564224,10796431232
Qwen3.5-9B,self_attn.v_proj,23,8.5078125,16777216,3.13,4,64,8,128,6688564224,10796431232
Qwen3.5-9B,self_attn.k_proj,11,8.5078125,16777216,3.13,4,64,8,128,6688564224,10796431232
Qwen3.5-9B,mlp.gate_proj,17,20.012671768665314,53687552,3.13,3,128,8,128,6688564224,10796431232
Qwen3.5-9B,mlp.up_proj,23,20.012671768665314,53687552,3.13,3,128,8,128,6688564224,10796431232
Qwen3.5-9B,self_attn.k_proj,19,8.5078125,16777216,3.13,4,64,8,128,6688564224,10796431232
Qwen3.5-9B,mlp.gate_proj,15,20.012671768665314,53687552,3.13,3,128,8,128,6688564224,10796431232
Qwen3.5-9B,mlp.up_proj,27,20.012671768665314,53687552,3.13,3,128,8,128,6688564224,10796431232
Qwen3.5-9B,mlp.up_proj,3,20.012671768665314,53687552,3.13,3,128,8,128,6688564224,10796431232
Qwen3.5-9B,self_attn.q_proj,11,68.0625,134217728,3.13,4,64,8,128,6688564224,10796431232
Qwen3.5-9B,mlp.down_proj,8,20.012671768665314,53687552,3.13,3,128,8,128,6688564224,10796431232
Qwen3.5-9B,self_attn.o_proj,19,34.03125,67108864,3.13,4,64,8,128,6688564224,10796431232
Qwen3.5-9B,mlp.gate_proj,4,20.012671768665314,53687552,3.13,3,128,8,128,6688564224,10796431232
Qwen3.5-9B,mlp.up_proj,1,20.012671768665314,53687552,3.13,3,128,8,128,6688564224,10796431232
Qwen3.5-9B,mlp.up_proj,19,20.012671768665314,53687552,3.13,3,128,8,128,6688564224,10796431232
Qwen3.5-9B,mlp.up_proj,4,20.012671768665314,53687552,3.13,3,128,8,128,6688564224,10796431232
Qwen3.5-9B,mlp.up_proj,29,20.012671768665314,53687552,3.13,3,128,8,128,6688564224,10796431232
Qwen3.5-9B,mlp.down_proj,14,20.012671768665314,53687552,3.13,3,128,8,128,6688564224,10796431232
Qwen3.5-9B,mlp.gate_proj,27,20.012671768665314,53687552,3.13,3,128,8,128,6688564224,10796431232
Qwen3.5-9B,self_attn.v_proj,31,8.5078125,16777216,3.13,4,64,8,128,6688564224,10796431232
Qwen3.5-9B,mlp.up_proj,31,20.012671768665314,53687552,3.13,3,128,8,128,6688564224,10796431232
Qwen3.5-9B,mlp.gate_proj,2,20.012671768665314,53687552,3.13,3,128,8,128,6688564224,10796431232
Qwen3.5-9B,self_attn.o_proj,31,34.03125,67108864,3.13,4,64,8,128,6688564224,10796431232
Qwen3.5-9B,mlp.up_proj,13,20.012671768665314,53687552,3.13,3,128,8,128,6688564224,10796431232
Qwen3.5-9B,mlp.gate_proj,3,20.012671768665314,53687552,3.13,3,128,8,128,6688564224,10796431232
Qwen3.5-9B,mlp.down_proj,7,20.012671768665314,53687552,3.13,3,128,8,128,6688564224,10796431232
Qwen3.5-9B,self_attn.q_proj,19,68.0625,134217728,3.13,4,64,8,128,6688564224,10796431232
Qwen3.5-9B,self_attn.v_proj,27,8.5078125,16777216,3.13,4,64,8,128,6688564224,10796431232
Qwen3.5-9B,mlp.down_proj,16,20.012671768665314,53687552,3.13,3,128,8,128,6688564224,10796431232
Qwen3.5-9B,mlp.down_proj,23,20.012671768665314,53687552,3.13,3,128,8,128,6688564224,10796431232
Qwen3.5-9B,mlp.down_proj,17,20.012671768665314,53687552,3.13,3,128,8,128,6688564224,10796431232
Qwen3.5-9B,mlp.up_proj,24,20.012671768665314,53687552,3.13,3,128,8,128,6688564224,10796431232
Qwen3.5-9B,self_attn.k_proj,3,1.6677783131599426,4474112,3.13,3,128,8,128,6688564224,10796431232
Qwen3.5-9B,mlp.gate_proj,21,20.012671768665314,53687552,3.13,3,128,8,128,6688564224,10796431232
Qwen3.5-9B,mlp.gate_proj,11,20.012671768665314,53687552,3.13,3,128,8,128,6688564224,10796431232
Qwen3.5-9B,self_attn.v_proj,7,1.6677783131599426,4474112,3.13,3,128,8,128,6688564224,10796431232
Qwen3.5-9B,self_attn.o_proj,3,6.671208679676056,17896704,3.13,3,128,8,128,6688564224,10796431232
Qwen3.5-9B,mlp.down_proj,0,20.012671768665314,53687552,3.13,3,128,8,128,6688564224,10796431232
Qwen3.5-9B,self_attn.q_proj,3,13.341940224170685,35792128,3.13,3,128,8,128,6688564224,10796431232
Qwen3.5-9B,mlp.up_proj,11,20.012671768665314,53687552,3.13,3,128,8,128,6688564224,10796431232
Qwen3.5-9B,mlp.gate_proj,30,20.012671768665314,53687552,3.13,3,128,8,128,6688564224,10796431232
Qwen3.5-9B,mlp.gate_proj,31,20.012671768665314,53687552,3.13,3,128,8,128,6688564224,10796431232
Qwen3.5-9B,self_attn.v_proj,15,8.5078125,16777216,3.13,4,64,8,128,6688564224,10796431232
Qwen3.5-9B,mlp.down_proj,6,20.012671768665314,53687552,3.13,3,128,8,128,6688564224,10796431232
Qwen3.5-9B,mlp.down_proj,12,20.012671768665314,53687552,3.13,3,128,8,128,6688564224,10796431232
Qwen3.5-9B,self_attn.k_proj,27,8.5078125,16777216,3.13,4,64,8,128,6688564224,10796431232
Qwen3.5-9B,mlp.up_proj,14,20.012671768665314,53687552,3.13,3,128,8,128,6688564224,10796431232
Qwen3.5-9B,mlp.down_proj,11,20.012671768665314,53687552,3.13,3,128,8,128,6688564224,10796431232
Qwen3.5-9B,self_attn.o_proj,11,34.03125,67108864,3.13,4,64,8,128,6688564224,10796431232
Qwen3.5-9B,mlp.up_proj,20,20.012671768665314,53687552,3.13,3,128,8,128,6688564224,10796431232
Qwen3.5-9B,mlp.gate_proj,24,20.012671768665314,53687552,3.13,3,128,8,128,6688564224,10796431232
Qwen3.5-9B,mlp.up_proj,9,20.012671768665314,53687552,3.13,3,128,8,128,6688564224,10796431232
Qwen3.5-9B,mlp.up_proj,28,20.012671768665314,53687552,3.13,3,128,8,128,6688564224,10796431232
Qwen3.5-9B,mlp.gate_proj,8,20.012671768665314,53687552,3.13,3,128,8,128,6688564224,10796431232
Qwen3.5-9B,mlp.up_proj,7,20.012671768665314,53687552,3.13,3,128,8,128,6688564224,10796431232
Qwen3.5-9B,self_attn.k_proj,7,1.6677783131599426,4474112,3.13,3,128,8,128,6688564224,10796431232
Qwen3.5-9B,mlp.gate_proj,26,20.012671768665314,53687552,3.13,3,128,8,128,6688564224,10796431232
Qwen3.5-9B,mlp.gate_proj,1,20.012671768665314,53687552,3.13,3,128,8,128,6688564224,10796431232
Qwen3.5-9B,mlp.up_proj,10,20.012671768665314,53687552,3.13,3,128,8,128,6688564224,10796431232
Qwen3.5-9B,mlp.up_proj,8,20.012671768665314,53687552,3.13,3,128,8,128,6688564224,10796431232
Qwen3.5-9B,self_attn.v_proj,11,8.5078125,16777216,3.13,4,64,8,128,6688564224,10796431232
Qwen3.5-9B,mlp.down_proj,26,20.012671768665314,53687552,3.13,3,128,8,128,6688564224,10796431232
Qwen3.5-9B,mlp.down_proj,30,20.012671768665314,53687552,3.13,3,128,8,128,6688564224,10796431232
Qwen3.5-9B,self_attn.o_proj,27,34.03125,67108864,3.13,4,64,8,128,6688564224,10796431232
Qwen3.5-9B,self_attn.k_proj,23,8.5078125,16777216,3.13,4,64,8,128,6688564224,10796431232
Qwen3.5-9B,mlp.gate_proj,5,20.012671768665314,53687552,3.13,3,128,8,128,6688564224,10796431232
Qwen3.5-9B,mlp.gate_proj,13,20.012671768665314,53687552,3.13,3,128,8,128,6688564224,10796431232
Qwen3.5-9B,mlp.up_proj,2,20.012671768665314,53687552,3.13,3,128,8,128,6688564224,10796431232
Qwen3.5-9B,mlp.up_proj,0,20.012671768665314,53687552,3.13,3,128,8,128,6688564224,10796431232
Qwen3.5-9B,mlp.down_proj,1,20.012671768665314,53687552,3.13,3,128,8,128,6688564224,10796431232
Qwen3.5-9B,mlp.down_proj,25,20.012671768665314,53687552,3.13,3,128,8,128,6688564224,10796431232
Qwen3.5-9B,self_attn.v_proj,19,8.5078125,16777216,3.13,4,64,8,128,6688564224,10796431232
Qwen3.5-9B,mlp.gate_proj,12,20.012671768665314,53687552,3.13,3,128,8,128,6688564224,10796431232
Qwen3.5-9B,mlp.up_proj,12,20.012671768665314,53687552,3.13,3,128,8,128,6688564224,10796431232
Qwen3.5-9B,mlp.down_proj,5,20.8252035677433,53687616,3.25,3,64,8,128,7279124992,11386992000
Qwen3.5-9B,self_attn.q_proj,7,13.883369743824005,35791488,3.25,3,64,8,128,7279124992,11386992000
Qwen3.5-9B,self_attn.q_proj,27,68.0625,134217728,3.25,4,64,8,128,7279124992,11386992000
Qwen3.5-9B,mlp.up_proj,26,20.8252035677433,53687616,3.25,3,64,8,128,7279124992,11386992000
Qwen3.5-9B,mlp.down_proj,9,20.8252035677433,53687616,3.25,3,64,8,128,7279124992,11386992000
Qwen3.5-9B,self_attn.k_proj,15,8.5078125,16777216,3.25,4,64,8,128,7279124992,11386992000
Qwen3.5-9B,mlp.down_proj,10,20.8252035677433,53687616,3.25,3,64,8,128,7279124992,11386992000
Qwen3.5-9B,mlp.down_proj,29,20.8252035677433,53687616,3.25,3,64,8,128,7279124992,11386992000
Qwen3.5-9B,mlp.down_proj,3,20.8252035677433,53687616,3.25,3,64,8,128,7279124992,11386992000
Qwen3.5-9B,mlp.gate_proj,18,99.046875,201326592,3.25,4,128,8,128,7279124992,11386992000
Qwen3.5-9B,mlp.gate_proj,19,99.046875,201326592,3.25,4,128,8,128,7279124992,11386992000
Qwen3.5-9B,mlp.down_proj,31,20.8252035677433,53687616,3.25,3,64,8,128,7279124992,11386992000
Qwen3.5-9B,self_attn.k_proj,31,8.5078125,16777216,3.25,4,64,8,128,7279124992,11386992000
Qwen3.5-9B,mlp.up_proj,16,20.8252035677433,53687616,3.25,3,64,8,128,7279124992,11386992000
Qwen3.5-9B,mlp.gate_proj,16,20.8252035677433,53687616,3.25,3,64,8,128,7279124992,11386992000
Qwen3.5-9B,mlp.down_proj,4,20.8252035677433,53687616,3.25,3,64,8,128,7279124992,11386992000
Qwen3.5-9B,mlp.up_proj,6,20.8252035677433,53687616,3.25,3,64,8,128,7279124992,11386992000
Qwen3.5-9B,mlp.up_proj,18,20.8252035677433,53687616,3.25,3,64,8,128,7279124992,11386992000
Qwen3.5-9B,self_attn.o_proj,15,34.03125,67108864,3.25,4,64,8,128,7279124992,11386992000
Qwen3.5-9B,mlp.down_proj,24,20.8252035677433,53687616,3.25,3,64,8,128,7279124992,11386992000
Qwen3.5-9B,mlp.down_proj,27,20.8252035677433,53687616,3.25,3,64,8,128,7279124992,11386992000
Qwen3.5-9B,self_attn.q_proj,23,68.0625,134217728,3.25,4,64,8,128,7279124992,11386992000
Qwen3.5-9B,mlp.gate_proj,10,20.8252035677433,53687616,3.25,3,64,8,128,7279124992,11386992000
Qwen3.5-9B,mlp.gate_proj,7,20.8252035677433,53687616,3.25,3,64,8,128,7279124992,11386992000
Qwen3.5-9B,mlp.up_proj,21,20.8252035677433,53687616,3.25,3,64,8,128,7279124992,11386992000
Qwen3.5-9B,mlp.down_proj,22,20.8252035677433,53687616,3.25,3,64,8,128,7279124992,11386992000
Qwen3.5-9B,self_attn.v_proj,3,1.7355143129825592,4474176,3.25,3,64,8,128,7279124992,11386992000
Qwen3.5-9B,mlp.up_proj,5,20.8252035677433,53687616,3.25,3,64,8,128,7279124992,11386992000
Qwen3.5-9B,mlp.gate_proj,6,20.8252035677433,53687616,3.25,3,64,8,128,7279124992,11386992000
Qwen3.5-9B,mlp.gate_proj,14,20.8252035677433,53687616,3.25,3,64,8,128,7279124992,11386992000
Qwen3.5-9B,self_attn.q_proj,31,68.0625,134217728,3.25,4,64,8,128,7279124992,11386992000
Qwen3.5-9B,mlp.gate_proj,20,20.8252035677433,53687616,3.25,3,64,8,128,7279124992,11386992000
Qwen3.5-9B,mlp.down_proj,28,20.8252035677433,53687616,3.25,3,64,8,128,7279124992,11386992000
Qwen3.5-9B,mlp.up_proj,30,20.8252035677433,53687616,3.25,3,64,8,128,7279124992,11386992000
Qwen3.5-9B,mlp.up_proj,17,20.8252035677433,53687616,3.25,3,64,8,128,7279124992,11386992000
Qwen3.5-9B,mlp.down_proj,19,20.8252035677433,53687616,3.25,3,64,8,128,7279124992,11386992000
Qwen3.5-9B,self_attn.o_proj,7,6.941808998584747,17896064,3.25,3,64,8,128,7279124992,11386992000
Qwen3.5-9B,mlp.down_proj,13,20.8252035677433,53687616,3.25,3,64,8,128,7279124992,11386992000
Qwen3.5-9B,mlp.gate_proj,0,20.8252035677433,53687616,3.25,3,64,8,128,7279124992,11386992000
Qwen3.5-9B,mlp.gate_proj,9,20.8252035677433,53687616,3.25,3,64,8,128,7279124992,11386992000
Qwen3.5-9B,mlp.down_proj,15,20.8252035677433,53687616,3.25,3,64,8,128,7279124992,11386992000
Qwen3.5-9B,mlp.gate_proj,22,20.8252035677433,53687616,3.25,3,64,8,128,7279124992,11386992000
Qwen3.5-9B,self_attn.o_proj,23,34.03125,67108864,3.25,4,64,8,128,7279124992,11386992000
Qwen3.5-9B,mlp.gate_proj,23,99.046875,201326592,3.25,4,128,8,128,7279124992,11386992000
Qwen3.5-9B,self_attn.q_proj,15,68.0625,134217728,3.25,4,64,8,128,7279124992,11386992000
Qwen3.5-9B,mlp.down_proj,20,20.8252035677433,53687616,3.25,3,64,8,128,7279124992,11386992000
Qwen3.5-9B,mlp.gate_proj,28,20.8252035677433,53687616,3.25,3,64,8,128,7279124992,11386992000
Qwen3.5-9B,mlp.gate_proj,29,20.8252035677433,53687616,3.25,3,64,8,128,7279124992,11386992000
Qwen3.5-9B,mlp.gate_proj,25,20.8252035677433,53687616,3.25,3,64,8,128,7279124992,11386992000
Qwen3.5-9B,mlp.down_proj,18,20.8252035677433,53687616,3.25,3,64,8,128,7279124992,11386992000
Qwen3.5-9B,mlp.down_proj,2,99.046875,201326592,3.25,4,128,8,128,7279124992,11386992000
Qwen3.5-9B,mlp.up_proj,22,20.8252035677433,53687616,3.25,3,64,8,128,7279124992,11386992000
Qwen3.5-9B,mlp.up_proj,25,20.8252035677433,53687616,3.25,3,64,8,128,7279124992,11386992000
Qwen3.5-9B,mlp.down_proj,21,20.8252035677433,53687616,3.25,3,64,8,128,7279124992,11386992000
Qwen3.5-9B,mlp.up_proj,15,20.8252035677433,53687616,3.25,3,64,8,128,7279124992,11386992000
Qwen3.5-9B,self_attn.v_proj,23,8.5078125,16777216,3.25,4,64,8,128,7279124992,11386992000
Qwen3.5-9B,self_attn.k_proj,11,8.5078125,16777216,3.25,4,64,8,128,7279124992,11386992000
Qwen3.5-9B,mlp.gate_proj,17,20.8252035677433,53687616,3.25,3,64,8,128,7279124992,11386992000
Qwen3.5-9B,mlp.up_proj,23,20.8252035677433,53687616,3.25,3,64,8,128,7279124992,11386992000
Qwen3.5-9B,self_attn.k_proj,19,8.5078125,16777216,3.25,4,64,8,128,7279124992,11386992000
Qwen3.5-9B,mlp.gate_proj,15,20.8252035677433,53687616,3.25,3,64,8,128,7279124992,11386992000
Qwen3.5-9B,mlp.up_proj,27,20.8252035677433,53687616,3.25,3,64,8,128,7279124992,11386992000
Qwen3.5-9B,mlp.up_proj,3,20.8252035677433,53687616,3.25,3,64,8,128,7279124992,11386992000
Qwen3.5-9B,self_attn.q_proj,11,68.0625,134217728,3.25,4,64,8,128,7279124992,11386992000
Qwen3.5-9B,mlp.down_proj,8,20.8252035677433,53687616,3.25,3,64,8,128,7279124992,11386992000
Qwen3.5-9B,self_attn.o_proj,19,34.03125,67108864,3.25,4,64,8,128,7279124992,11386992000
Qwen3.5-9B,mlp.gate_proj,4,20.8252035677433,53687616,3.25,3,64,8,128,7279124992,11386992000
Qwen3.5-9B,mlp.up_proj,1,20.8252035677433,53687616,3.25,3,64,8,128,7279124992,11386992000
Qwen3.5-9B,mlp.up_proj,19,20.8252035677433,53687616,3.25,3,64,8,128,7279124992,11386992000
Qwen3.5-9B,mlp.up_proj,4,20.8252035677433,53687616,3.25,3,64,8,128,7279124992,11386992000
Qwen3.5-9B,mlp.up_proj,29,20.8252035677433,53687616,3.25,3,64,8,128,7279124992,11386992000
Qwen3.5-9B,mlp.down_proj,14,20.8252035677433,53687616,3.25,3,64,8,128,7279124992,11386992000
Qwen3.5-9B,mlp.gate_proj,27,20.8252035677433,53687616,3.25,3,64,8,128,7279124992,11386992000
Qwen3.5-9B,self_attn.v_proj,31,8.5078125,16777216,3.25,4,64,8,128,7279124992,11386992000
Qwen3.5-9B,mlp.up_proj,31,20.8252035677433,53687616,3.25,3,64,8,128,7279124992,11386992000
Qwen3.5-9B,mlp.gate_proj,2,20.8252035677433,53687616,3.25,3,64,8,128,7279124992,11386992000
Qwen3.5-9B,self_attn.o_proj,31,34.03125,67108864,3.25,4,64,8,128,7279124992,11386992000
Qwen3.5-9B,mlp.up_proj,13,20.8252035677433,53687616,3.25,3,64,8,128,7279124992,11386992000
Qwen3.5-9B,mlp.gate_proj,3,20.8252035677433,53687616,3.25,3,64,8,128,7279124992,11386992000
Qwen3.5-9B,mlp.down_proj,7,20.8252035677433,53687616,3.25,3,64,8,128,7279124992,11386992000
Qwen3.5-9B,self_attn.q_proj,19,68.0625,134217728,3.25,4,64,8,128,7279124992,11386992000
Qwen3.5-9B,self_attn.v_proj,27,8.5078125,16777216,3.25,4,64,8,128,7279124992,11386992000
Qwen3.5-9B,mlp.down_proj,16,20.8252035677433,53687616,3.25,3,64,8,128,7279124992,11386992000
Qwen3.5-9B,mlp.down_proj,23,20.8252035677433,53687616,3.25,3,64,8,128,7279124992,11386992000
Qwen3.5-9B,mlp.down_proj,17,20.8252035677433,53687616,3.25,3,64,8,128,7279124992,11386992000
Qwen3.5-9B,mlp.up_proj,24,20.8252035677433,53687616,3.25,3,64,8,128,7279124992,11386992000
Qwen3.5-9B,self_attn.k_proj,3,1.7355143129825592,4474176,3.25,3,64,8,128,7279124992,11386992000
Qwen3.5-9B,mlp.gate_proj,21,20.8252035677433,53687616,3.25,3,64,8,128,7279124992,11386992000
Qwen3.5-9B,mlp.gate_proj,11,20.8252035677433,53687616,3.25,3,64,8,128,7279124992,11386992000
Qwen3.5-9B,self_attn.v_proj,7,1.7355143129825592,4474176,3.25,3,64,8,128,7279124992,11386992000
Qwen3.5-9B,self_attn.o_proj,3,6.941808998584747,17896064,3.25,3,64,8,128,7279124992,11386992000
Qwen3.5-9B,mlp.down_proj,0,20.8252035677433,53687616,3.25,3,64,8,128,7279124992,11386992000
Qwen3.5-9B,self_attn.q_proj,3,13.883369743824005,35791488,3.25,3,64,8,128,7279124992,11386992000
Qwen3.5-9B,mlp.up_proj,11,20.8252035677433,53687616,3.25,3,64,8,128,7279124992,11386992000
Qwen3.5-9B,mlp.gate_proj,30,20.8252035677433,53687616,3.25,3,64,8,128,7279124992,11386992000
Qwen3.5-9B,mlp.gate_proj,31,20.8252035677433,53687616,3.25,3,64,8,128,7279124992,11386992000
Qwen3.5-9B,self_attn.v_proj,15,8.5078125,16777216,3.25,4,64,8,128,7279124992,11386992000
Qwen3.5-9B,mlp.down_proj,6,20.8252035677433,53687616,3.25,3,64,8,128,7279124992,11386992000
Qwen3.5-9B,mlp.down_proj,12,20.8252035677433,53687616,3.25,3,64,8,128,7279124992,11386992000
Qwen3.5-9B,self_attn.k_proj,27,8.5078125,16777216,3.25,4,64,8,128,7279124992,11386992000
Qwen3.5-9B,mlp.up_proj,14,20.8252035677433,53687616,3.25,3,64,8,128,7279124992,11386992000
Qwen3.5-9B,mlp.down_proj,11,20.8252035677433,53687616,3.25,3,64,8,128,7279124992,11386992000
Qwen3.5-9B,self_attn.o_proj,11,34.03125,67108864,3.25,4,64,8,128,7279124992,11386992000
Qwen3.5-9B,mlp.up_proj,20,20.8252035677433,53687616,3.25,3,64,8,128,7279124992,11386992000
Qwen3.5-9B,mlp.gate_proj,24,20.8252035677433,53687616,3.25,3,64,8,128,7279124992,11386992000
Qwen3.5-9B,mlp.up_proj,9,20.8252035677433,53687616,3.25,3,64,8,128,7279124992,11386992000
Qwen3.5-9B,mlp.up_proj,28,20.8252035677433,53687616,3.25,3,64,8,128,7279124992,11386992000
Qwen3.5-9B,mlp.gate_proj,8,20.8252035677433,53687616,3.25,3,64,8,128,7279124992,11386992000
Qwen3.5-9B,mlp.up_proj,7,20.8252035677433,53687616,3.25,3,64,8,128,7279124992,11386992000
Qwen3.5-9B,self_attn.k_proj,7,1.7355143129825592,4474176,3.25,3,64,8,128,7279124992,11386992000
Qwen3.5-9B,mlp.gate_proj,26,20.8252035677433,53687616,3.25,3,64,8,128,7279124992,11386992000
Qwen3.5-9B,mlp.gate_proj,1,20.8252035677433,53687616,3.25,3,64,8,128,7279124992,11386992000
Qwen3.5-9B,mlp.up_proj,10,20.8252035677433,53687616,3.25,3,64,8,128,7279124992,11386992000
Qwen3.5-9B,mlp.up_proj,8,20.8252035677433,53687616,3.25,3,64,8,128,7279124992,11386992000
Qwen3.5-9B,self_attn.v_proj,11,8.5078125,16777216,3.25,4,64,8,128,7279124992,11386992000
Qwen3.5-9B,mlp.down_proj,26,20.8252035677433,53687616,3.25,3,64,8,128,7279124992,11386992000
Qwen3.5-9B,mlp.down_proj,30,20.8252035677433,53687616,3.25,3,64,8,128,7279124992,11386992000
Qwen3.5-9B,self_attn.o_proj,27,34.03125,67108864,3.25,4,64,8,128,7279124992,11386992000
Qwen3.5-9B,self_attn.k_proj,23,8.5078125,16777216,3.25,4,64,8,128,7279124992,11386992000
Qwen3.5-9B,mlp.gate_proj,5,20.8252035677433,53687616,3.25,3,64,8,128,7279124992,11386992000
Qwen3.5-9B,mlp.gate_proj,13,20.8252035677433,53687616,3.25,3,64,8,128,7279124992,11386992000
Qwen3.5-9B,mlp.up_proj,2,20.8252035677433,53687616,3.25,3,64,8,128,7279124992,11386992000
Qwen3.5-9B,mlp.up_proj,0,20.8252035677433,53687616,3.25,3,64,8,128,7279124992,11386992000
Qwen3.5-9B,mlp.down_proj,1,20.8252035677433,53687616,3.25,3,64,8,128,7279124992,11386992000
Qwen3.5-9B,mlp.down_proj,25,20.8252035677433,53687616,3.25,3,64,8,128,7279124992,11386992000
Qwen3.5-9B,self_attn.v_proj,19,8.5078125,16777216,3.25,4,64,8,128,7279124992,11386992000
Qwen3.5-9B,mlp.gate_proj,12,20.8252035677433,53687616,3.25,3,64,8,128,7279124992,11386992000
Qwen3.5-9B,mlp.up_proj,12,20.8252035677433,53687616,3.25,3,64,8,128,7279124992,11386992000
Qwen3.5-9B,mlp.down_proj,5,22.450085639953613,53687296,3.51,3,32,8,128,7279094976,11386961984
Qwen3.5-9B,self_attn.q_proj,7,14.966719299554825,35791520,3.51,3,32,8,128,7279094976,11386961984
Qwen3.5-9B,self_attn.q_proj,27,68.0625,134217728,3.51,4,64,8,128,7279094976,11386961984
Qwen3.5-9B,mlp.up_proj,26,22.450085639953613,53687296,3.51,3,32,8,128,7279094976,11386961984
Qwen3.5-9B,mlp.down_proj,9,22.450085639953613,53687296,3.51,3,32,8,128,7279094976,11386961984
Qwen3.5-9B,self_attn.k_proj,15,8.5078125,16777216,3.51,4,64,8,128,7279094976,11386961984
Qwen3.5-9B,mlp.down_proj,10,22.450085639953613,53687296,3.51,3,32,8,128,7279094976,11386961984
Qwen3.5-9B,mlp.down_proj,29,22.450085639953613,53687296,3.51,3,32,8,128,7279094976,11386961984
Qwen3.5-9B,mlp.down_proj,3,22.450085639953613,53687296,3.51,3,32,8,128,7279094976,11386961984
Qwen3.5-9B,mlp.gate_proj,18,102.09375,201326592,3.51,4,64,8,128,7279094976,11386961984
Qwen3.5-9B,mlp.gate_proj,19,102.09375,201326592,3.51,4,64,8,128,7279094976,11386961984
Qwen3.5-9B,mlp.down_proj,31,22.450085639953613,53687296,3.51,3,32,8,128,7279094976,11386961984
Qwen3.5-9B,self_attn.k_proj,31,8.5078125,16777216,3.51,4,64,8,128,7279094976,11386961984
Qwen3.5-9B,mlp.up_proj,16,22.450085639953613,53687296,3.51,3,32,8,128,7279094976,11386961984
Qwen3.5-9B,mlp.gate_proj,16,22.450085639953613,53687296,3.51,3,32,8,128,7279094976,11386961984
Qwen3.5-9B,mlp.down_proj,4,22.450085639953613,53687296,3.51,3,32,8,128,7279094976,11386961984
Qwen3.5-9B,mlp.up_proj,6,22.450085639953613,53687296,3.51,3,32,8,128,7279094976,11386961984
Qwen3.5-9B,mlp.up_proj,18,22.450085639953613,53687296,3.51,3,32,8,128,7279094976,11386961984
Qwen3.5-9B,self_attn.o_proj,15,34.03125,67108864,3.51,4,64,8,128,7279094976,11386961984
Qwen3.5-9B,mlp.down_proj,24,22.450085639953613,53687296,3.51,3,32,8,128,7279094976,11386961984
Qwen3.5-9B,mlp.down_proj,27,22.450085639953613,53687296,3.51,3,32,8,128,7279094976,11386961984
Qwen3.5-9B,self_attn.q_proj,23,68.0625,134217728,3.51,4,64,8,128,7279094976,11386961984
Qwen3.5-9B,mlp.gate_proj,10,22.450085639953613,53687296,3.51,3,32,8,128,7279094976,11386961984
Qwen3.5-9B,mlp.gate_proj,7,22.450085639953613,53687296,3.51,3,32,8,128,7279094976,11386961984
Qwen3.5-9B,mlp.up_proj,21,22.450085639953613,53687296,3.51,3,32,8,128,7279094976,11386961984
Qwen3.5-9B,mlp.down_proj,22,22.450085639953613,53687296,3.51,3,32,8,128,7279094976,11386961984
Qwen3.5-9B,self_attn.v_proj,3,1.8709385991096497,4474176,3.51,3,32,8,128,7279094976,11386961984
Qwen3.5-9B,mlp.up_proj,5,22.450085639953613,53687296,3.51,3,32,8,128,7279094976,11386961984
Qwen3.5-9B,mlp.gate_proj,6,22.450085639953613,53687296,3.51,3,32,8,128,7279094976,11386961984
Qwen3.5-9B,mlp.gate_proj,14,22.450085639953613,53687296,3.51,3,32,8,128,7279094976,11386961984
Qwen3.5-9B,self_attn.q_proj,31,68.0625,134217728,3.51,4,64,8,128,7279094976,11386961984
Qwen3.5-9B,mlp.gate_proj,20,22.450085639953613,53687296,3.51,3,32,8,128,7279094976,11386961984
Qwen3.5-9B,mlp.down_proj,28,22.450085639953613,53687296,3.51,3,32,8,128,7279094976,11386961984
Qwen3.5-9B,mlp.up_proj,30,22.450085639953613,53687296,3.51,3,32,8,128,7279094976,11386961984
Qwen3.5-9B,mlp.up_proj,17,22.450085639953613,53687296,3.51,3,32,8,128,7279094976,11386961984
Qwen3.5-9B,mlp.down_proj,19,22.450085639953613,53687296,3.51,3,32,8,128,7279094976,11386961984
Qwen3.5-9B,self_attn.o_proj,7,7.483352959156036,17895744,3.51,3,32,8,128,7279094976,11386961984
Qwen3.5-9B,mlp.down_proj,13,22.450085639953613,53687296,3.51,3,32,8,128,7279094976,11386961984
Qwen3.5-9B,mlp.gate_proj,0,22.450085639953613,53687296,3.51,3,32,8,128,7279094976,11386961984
Qwen3.5-9B,mlp.gate_proj,9,22.450085639953613,53687296,3.51,3,32,8,128,7279094976,11386961984
Qwen3.5-9B,mlp.down_proj,15,22.450085639953613,53687296,3.51,3,32,8,128,7279094976,11386961984
Qwen3.5-9B,mlp.gate_proj,22,22.450085639953613,53687296,3.51,3,32,8,128,7279094976,11386961984
Qwen3.5-9B,self_attn.o_proj,23,34.03125,67108864,3.51,4,64,8,128,7279094976,11386961984
Qwen3.5-9B,mlp.gate_proj,23,102.09375,201326592,3.51,4,64,8,128,7279094976,11386961984
Qwen3.5-9B,self_attn.q_proj,15,68.0625,134217728,3.51,4,64,8,128,7279094976,11386961984
Qwen3.5-9B,mlp.down_proj,20,22.450085639953613,53687296,3.51,3,32,8,128,7279094976,11386961984
Qwen3.5-9B,mlp.gate_proj,28,22.450085639953613,53687296,3.51,3,32,8,128,7279094976,11386961984
Qwen3.5-9B,mlp.gate_proj,29,22.450085639953613,53687296,3.51,3,32,8,128,7279094976,11386961984
Qwen3.5-9B,mlp.gate_proj,25,22.450085639953613,53687296,3.51,3,32,8,128,7279094976,11386961984
Qwen3.5-9B,mlp.down_proj,18,22.450085639953613,53687296,3.51,3,32,8,128,7279094976,11386961984
Qwen3.5-9B,mlp.down_proj,2,102.09375,201326592,3.51,4,64,8,128,7279094976,11386961984
Qwen3.5-9B,mlp.up_proj,22,22.450085639953613,53687296,3.51,3,32,8,128,7279094976,11386961984
Qwen3.5-9B,mlp.up_proj,25,22.450085639953613,53687296,3.51,3,32,8,128,7279094976,11386961984
Qwen3.5-9B,mlp.down_proj,21,22.450085639953613,53687296,3.51,3,32,8,128,7279094976,11386961984
Qwen3.5-9B,mlp.up_proj,15,22.450085639953613,53687296,3.51,3,32,8,128,7279094976,11386961984
Qwen3.5-9B,self_attn.v_proj,23,8.5078125,16777216,3.51,4,64,8,128,7279094976,11386961984
Qwen3.5-9B,self_attn.k_proj,11,8.5078125,16777216,3.51,4,64,8,128,7279094976,11386961984
Qwen3.5-9B,mlp.gate_proj,17,22.450085639953613,53687296,3.51,3,32,8,128,7279094976,11386961984
Qwen3.5-9B,mlp.up_proj,23,22.450085639953613,53687296,3.51,3,32,8,128,7279094976,11386961984
Qwen3.5-9B,self_attn.k_proj,19,8.5078125,16777216,3.51,4,64,8,128,7279094976,11386961984
Qwen3.5-9B,mlp.gate_proj,15,22.450085639953613,53687296,3.51,3,32,8,128,7279094976,11386961984
Qwen3.5-9B,mlp.up_proj,27,22.450085639953613,53687296,3.51,3,32,8,128,7279094976,11386961984
Qwen3.5-9B,mlp.up_proj,3,22.450085639953613,53687296,3.51,3,32,8,128,7279094976,11386961984
Qwen3.5-9B,self_attn.q_proj,11,68.0625,134217728,3.51,4,64,8,128,7279094976,11386961984
Qwen3.5-9B,mlp.down_proj,8,22.450085639953613,53687296,3.51,3,32,8,128,7279094976,11386961984
Qwen3.5-9B,self_attn.o_proj,19,34.03125,67108864,3.51,4,64,8,128,7279094976,11386961984
Qwen3.5-9B,mlp.gate_proj,4,22.450085639953613,53687296,3.51,3,32,8,128,7279094976,11386961984
Qwen3.5-9B,mlp.up_proj,1,22.450085639953613,53687296,3.51,3,32,8,128,7279094976,11386961984
Qwen3.5-9B,mlp.up_proj,19,22.450085639953613,53687296,3.51,3,32,8,128,7279094976,11386961984
Qwen3.5-9B,mlp.up_proj,4,22.450085639953613,53687296,3.51,3,32,8,128,7279094976,11386961984
Qwen3.5-9B,mlp.up_proj,29,22.450085639953613,53687296,3.51,3,32,8,128,7279094976,11386961984
Qwen3.5-9B,mlp.down_proj,14,22.450085639953613,53687296,3.51,3,32,8,128,7279094976,11386961984
Qwen3.5-9B,mlp.gate_proj,27,22.450085639953613,53687296,3.51,3,32,8,128,7279094976,11386961984
Qwen3.5-9B,self_attn.v_proj,31,8.5078125,16777216,3.51,4,64,8,128,7279094976,11386961984
Qwen3.5-9B,mlp.up_proj,31,22.450085639953613,53687296,3.51,3,32,8,128,7279094976,11386961984
Qwen3.5-9B,mlp.gate_proj,2,22.450085639953613,53687296,3.51,3,32,8,128,7279094976,11386961984
Qwen3.5-9B,self_attn.o_proj,31,34.03125,67108864,3.51,4,64,8,128,7279094976,11386961984
Qwen3.5-9B,mlp.up_proj,13,22.450085639953613,53687296,3.51,3,32,8,128,7279094976,11386961984
Qwen3.5-9B,mlp.gate_proj,3,22.450085639953613,53687296,3.51,3,32,8,128,7279094976,11386961984
Qwen3.5-9B,mlp.down_proj,7,22.450085639953613,53687296,3.51,3,32,8,128,7279094976,11386961984
Qwen3.5-9B,self_attn.q_proj,19,68.0625,134217728,3.51,4,64,8,128,7279094976,11386961984
Qwen3.5-9B,self_attn.v_proj,27,8.5078125,16777216,3.51,4,64,8,128,7279094976,11386961984
Qwen3.5-9B,mlp.down_proj,16,22.450085639953613,53687296,3.51,3,32,8,128,7279094976,11386961984
Qwen3.5-9B,mlp.down_proj,23,22.450085639953613,53687296,3.51,3,32,8,128,7279094976,11386961984
Qwen3.5-9B,mlp.down_proj,17,22.450085639953613,53687296,3.51,3,32,8,128,7279094976,11386961984
Qwen3.5-9B,mlp.up_proj,24,22.450085639953613,53687296,3.51,3,32,8,128,7279094976,11386961984
Qwen3.5-9B,self_attn.k_proj,3,1.8709385991096497,4474176,3.51,3,32,8,128,7279094976,11386961984
Qwen3.5-9B,mlp.gate_proj,21,22.450085639953613,53687296,3.51,3,32,8,128,7279094976,11386961984
Qwen3.5-9B,mlp.gate_proj,11,22.450085639953613,53687296,3.51,3,32,8,128,7279094976,11386961984
Qwen3.5-9B,self_attn.v_proj,7,1.8709385991096497,4474176,3.51,3,32,8,128,7279094976,11386961984
Qwen3.5-9B,self_attn.o_proj,3,7.483352959156036,17895744,3.51,3,32,8,128,7279094976,11386961984
Qwen3.5-9B,mlp.down_proj,0,22.450085639953613,53687296,3.51,3,32,8,128,7279094976,11386961984
Qwen3.5-9B,self_attn.q_proj,3,14.966719299554825,35791520,3.51,3,32,8,128,7279094976,11386961984
Qwen3.5-9B,mlp.up_proj,11,22.450085639953613,53687296,3.51,3,32,8,128,7279094976,11386961984
Qwen3.5-9B,mlp.gate_proj,30,22.450085639953613,53687296,3.51,3,32,8,128,7279094976,11386961984
Qwen3.5-9B,mlp.gate_proj,31,22.450085639953613,53687296,3.51,3,32,8,128,7279094976,11386961984
Qwen3.5-9B,self_attn.v_proj,15,8.5078125,16777216,3.51,4,64,8,128,7279094976,11386961984
Qwen3.5-9B,mlp.down_proj,6,22.450085639953613,53687296,3.51,3,32,8,128,7279094976,11386961984
Qwen3.5-9B,mlp.down_proj,12,22.450085639953613,53687296,3.51,3,32,8,128,7279094976,11386961984
Qwen3.5-9B,self_attn.k_proj,27,8.5078125,16777216,3.51,4,64,8,128,7279094976,11386961984
Qwen3.5-9B,mlp.up_proj,14,22.450085639953613,53687296,3.51,3,32,8,128,7279094976,11386961984
Qwen3.5-9B,mlp.down_proj,11,22.450085639953613,53687296,3.51,3,32,8,128,7279094976,11386961984
Qwen3.5-9B,self_attn.o_proj,11,34.03125,67108864,3.51,4,64,8,128,7279094976,11386961984
Qwen3.5-9B,mlp.up_proj,20,22.450085639953613,53687296,3.51,3,32,8,128,7279094976,11386961984
Qwen3.5-9B,mlp.gate_proj,24,22.450085639953613,53687296,3.51,3,32,8,128,7279094976,11386961984
Qwen3.5-9B,mlp.up_proj,9,22.450085639953613,53687296,3.51,3,32,8,128,7279094976,11386961984
Qwen3.5-9B,mlp.up_proj,28,22.450085639953613,53687296,3.51,3,32,8,128,7279094976,11386961984
Qwen3.5-9B,mlp.gate_proj,8,22.450085639953613,53687296,3.51,3,32,8,128,7279094976,11386961984
Qwen3.5-9B,mlp.up_proj,7,22.450085639953613,53687296,3.51,3,32,8,128,7279094976,11386961984
Qwen3.5-9B,self_attn.k_proj,7,1.8709385991096497,4474176,3.51,3,32,8,128,7279094976,11386961984
Qwen3.5-9B,mlp.gate_proj,26,22.450085639953613,53687296,3.51,3,32,8,128,7279094976,11386961984
Qwen3.5-9B,mlp.gate_proj,1,22.450085639953613,53687296,3.51,3,32,8,128,7279094976,11386961984
Qwen3.5-9B,mlp.up_proj,10,22.450085639953613,53687296,3.51,3,32,8,128,7279094976,11386961984
Qwen3.5-9B,mlp.up_proj,8,22.450085639953613,53687296,3.51,3,32,8,128,7279094976,11386961984
Qwen3.5-9B,self_attn.v_proj,11,8.5078125,16777216,3.51,4,64,8,128,7279094976,11386961984
Qwen3.5-9B,mlp.down_proj,26,22.450085639953613,53687296,3.51,3,32,8,128,7279094976,11386961984
Qwen3.5-9B,mlp.down_proj,30,22.450085639953613,53687296,3.51,3,32,8,128,7279094976,11386961984
Qwen3.5-9B,self_attn.o_proj,27,34.03125,67108864,3.51,4,64,8,128,7279094976,11386961984
Qwen3.5-9B,self_attn.k_proj,23,8.5078125,16777216,3.51,4,64,8,128,7279094976,11386961984
Qwen3.5-9B,mlp.gate_proj,5,22.450085639953613,53687296,3.51,3,32,8,128,7279094976,11386961984
Qwen3.5-9B,mlp.gate_proj,13,22.450085639953613,53687296,3.51,3,32,8,128,7279094976,11386961984
Qwen3.5-9B,mlp.up_proj,2,22.450085639953613,53687296,3.51,3,32,8,128,7279094976,11386961984
Qwen3.5-9B,mlp.up_proj,0,22.450085639953613,53687296,3.51,3,32,8,128,7279094976,11386961984
Qwen3.5-9B,mlp.down_proj,1,22.450085639953613,53687296,3.51,3,32,8,128,7279094976,11386961984
Qwen3.5-9B,mlp.down_proj,25,22.450085639953613,53687296,3.51,3,32,8,128,7279094976,11386961984
Qwen3.5-9B,self_attn.v_proj,19,8.5078125,16777216,3.51,4,64,8,128,7279094976,11386961984
Qwen3.5-9B,mlp.gate_proj,12,22.450085639953613,53687296,3.51,3,32,8,128,7279094976,11386961984
Qwen3.5-9B,mlp.up_proj,12,22.450085639953613,53687296,3.51,3,32,8,128,7279094976,11386961984
Qwen3.5-9B,mlp.down_proj,5,99.046875,201326592,4.13,4,128,8,128,21206401024,25314268032
Qwen3.5-9B,self_attn.q_proj,7,66.03125,134217728,4.13,4,128,8,128,21206401024,25314268032
Qwen3.5-9B,self_attn.q_proj,27,68.0625,134217728,4.13,4,64,8,128,21206401024,25314268032
Qwen3.5-9B,mlp.up_proj,26,99.046875,201326592,4.13,4,128,8,128,21206401024,25314268032
Qwen3.5-9B,mlp.down_proj,9,99.046875,201326592,4.13,4,128,8,128,21206401024,25314268032
Qwen3.5-9B,self_attn.k_proj,15,8.5078125,16777216,4.13,4,64,8,128,21206401024,25314268032
Qwen3.5-9B,mlp.down_proj,10,99.046875,201326592,4.13,4,128,8,128,21206401024,25314268032
Qwen3.5-9B,mlp.down_proj,29,99.046875,201326592,4.13,4,128,8,128,21206401024,25314268032
Qwen3.5-9B,mlp.down_proj,3,99.046875,201326592,4.13,4,128,8,128,21206401024,25314268032
Qwen3.5-9B,mlp.gate_proj,18,108.1875,201326592,4.13,4,32,8,128,21206401024,25314268032
Qwen3.5-9B,mlp.gate_proj,19,108.1875,201326592,4.13,4,32,8,128,21206401024,25314268032
Qwen3.5-9B,mlp.down_proj,31,99.046875,201326592,4.13,4,128,8,128,21206401024,25314268032
Qwen3.5-9B,self_attn.k_proj,31,8.5078125,16777216,4.13,4,64,8,128,21206401024,25314268032
Qwen3.5-9B,mlp.up_proj,16,99.046875,201326592,4.13,4,128,8,128,21206401024,25314268032
Qwen3.5-9B,mlp.gate_proj,16,99.046875,201326592,4.13,4,128,8,128,21206401024,25314268032
Qwen3.5-9B,mlp.down_proj,4,99.046875,201326592,4.13,4,128,8,128,21206401024,25314268032
Qwen3.5-9B,mlp.up_proj,6,99.046875,201326592,4.13,4,128,8,128,21206401024,25314268032
Qwen3.5-9B,mlp.up_proj,18,99.046875,201326592,4.13,4,128,8,128,21206401024,25314268032
Qwen3.5-9B,self_attn.o_proj,15,34.03125,67108864,4.13,4,64,8,128,21206401024,25314268032
Qwen3.5-9B,mlp.down_proj,24,99.046875,201326592,4.13,4,128,8,128,21206401024,25314268032
Qwen3.5-9B,mlp.down_proj,27,99.046875,201326592,4.13,4,128,8,128,21206401024,25314268032
Qwen3.5-9B,self_attn.q_proj,23,68.0625,134217728,4.13,4,64,8,128,21206401024,25314268032
Qwen3.5-9B,mlp.gate_proj,10,99.046875,201326592,4.13,4,128,8,128,21206401024,25314268032
Qwen3.5-9B,mlp.gate_proj,7,99.046875,201326592,4.13,4,128,8,128,21206401024,25314268032
Qwen3.5-9B,mlp.up_proj,21,99.046875,201326592,4.13,4,128,8,128,21206401024,25314268032
Qwen3.5-9B,mlp.down_proj,22,99.046875,201326592,4.13,4,128,8,128,21206401024,25314268032
Qwen3.5-9B,self_attn.v_proj,3,8.25390625,16777216,4.13,4,128,8,128,21206401024,25314268032
Qwen3.5-9B,mlp.up_proj,5,99.046875,201326592,4.13,4,128,8,128,21206401024,25314268032
Qwen3.5-9B,mlp.gate_proj,6,99.046875,201326592,4.13,4,128,8,128,21206401024,25314268032
Qwen3.5-9B,mlp.gate_proj,14,99.046875,201326592,4.13,4,128,8,128,21206401024,25314268032
Qwen3.5-9B,self_attn.q_proj,31,68.0625,134217728,4.13,4,64,8,128,21206401024,25314268032
Qwen3.5-9B,mlp.gate_proj,20,99.046875,201326592,4.13,4,128,8,128,21206401024,25314268032
Qwen3.5-9B,mlp.down_proj,28,99.046875,201326592,4.13,4,128,8,128,21206401024,25314268032
Qwen3.5-9B,mlp.up_proj,30,99.046875,201326592,4.13,4,128,8,128,21206401024,25314268032
Qwen3.5-9B,mlp.up_proj,17,99.046875,201326592,4.13,4,128,8,128,21206401024,25314268032
Qwen3.5-9B,mlp.down_proj,19,99.046875,201326592,4.13,4,128,8,128,21206401024,25314268032
Qwen3.5-9B,self_attn.o_proj,7,33.015625,67108864,4.13,4,128,8,128,21206401024,25314268032
Qwen3.5-9B,mlp.down_proj,13,99.046875,201326592,4.13,4,128,8,128,21206401024,25314268032
Qwen3.5-9B,mlp.gate_proj,0,99.046875,201326592,4.13,4,128,8,128,21206401024,25314268032
Qwen3.5-9B,mlp.gate_proj,9,99.046875,201326592,4.13,4,128,8,128,21206401024,25314268032
Qwen3.5-9B,mlp.down_proj,15,99.046875,201326592,4.13,4,128,8,128,21206401024,25314268032
Qwen3.5-9B,mlp.gate_proj,22,99.046875,201326592,4.13,4,128,8,128,21206401024,25314268032
Qwen3.5-9B,self_attn.o_proj,23,34.03125,67108864,4.13,4,64,8,128,21206401024,25314268032
Qwen3.5-9B,mlp.gate_proj,23,108.1875,201326592,4.13,4,32,8,128,21206401024,25314268032
Qwen3.5-9B,self_attn.q_proj,15,68.0625,134217728,4.13,4,64,8,128,21206401024,25314268032
Qwen3.5-9B,mlp.down_proj,20,99.046875,201326592,4.13,4,128,8,128,21206401024,25314268032
Qwen3.5-9B,mlp.gate_proj,28,99.046875,201326592,4.13,4,128,8,128,21206401024,25314268032
Qwen3.5-9B,mlp.gate_proj,29,99.046875,201326592,4.13,4,128,8,128,21206401024,25314268032
Qwen3.5-9B,mlp.gate_proj,25,99.046875,201326592,4.13,4,128,8,128,21206401024,25314268032
Qwen3.5-9B,mlp.down_proj,18,99.046875,201326592,4.13,4,128,8,128,21206401024,25314268032
Qwen3.5-9B,mlp.down_proj,2,108.1875,201326592,4.13,4,32,8,128,21206401024,25314268032
Qwen3.5-9B,mlp.up_proj,22,99.046875,201326592,4.13,4,128,8,128,21206401024,25314268032
Qwen3.5-9B,mlp.up_proj,25,99.046875,201326592,4.13,4,128,8,128,21206401024,25314268032
Qwen3.5-9B,mlp.down_proj,21,99.046875,201326592,4.13,4,128,8,128,21206401024,25314268032
Qwen3.5-9B,mlp.up_proj,15,99.046875,201326592,4.13,4,128,8,128,21206401024,25314268032
Qwen3.5-9B,self_attn.v_proj,23,8.5078125,16777216,4.13,4,64,8,128,21206401024,25314268032
Qwen3.5-9B,self_attn.k_proj,11,8.5078125,16777216,4.13,4,64,8,128,21206401024,25314268032
Qwen3.5-9B,mlp.gate_proj,17,99.046875,201326592,4.13,4,128,8,128,21206401024,25314268032
Qwen3.5-9B,mlp.up_proj,23,99.046875,201326592,4.13,4,128,8,128,21206401024,25314268032
Qwen3.5-9B,self_attn.k_proj,19,8.5078125,16777216,4.13,4,64,8,128,21206401024,25314268032
Qwen3.5-9B,mlp.gate_proj,15,99.046875,201326592,4.13,4,128,8,128,21206401024,25314268032
Qwen3.5-9B,mlp.up_proj,27,99.046875,201326592,4.13,4,128,8,128,21206401024,25314268032
Qwen3.5-9B,mlp.up_proj,3,99.046875,201326592,4.13,4,128,8,128,21206401024,25314268032
Qwen3.5-9B,self_attn.q_proj,11,68.0625,134217728,4.13,4,64,8,128,21206401024,25314268032
Qwen3.5-9B,mlp.down_proj,8,99.046875,201326592,4.13,4,128,8,128,21206401024,25314268032
Qwen3.5-9B,self_attn.o_proj,19,34.03125,67108864,4.13,4,64,8,128,21206401024,25314268032
Qwen3.5-9B,mlp.gate_proj,4,99.046875,201326592,4.13,4,128,8,128,21206401024,25314268032
Qwen3.5-9B,mlp.up_proj,1,99.046875,201326592,4.13,4,128,8,128,21206401024,25314268032
Qwen3.5-9B,mlp.up_proj,19,99.046875,201326592,4.13,4,128,8,128,21206401024,25314268032
Qwen3.5-9B,mlp.up_proj,4,99.046875,201326592,4.13,4,128,8,128,21206401024,25314268032
Qwen3.5-9B,mlp.up_proj,29,99.046875,201326592,4.13,4,128,8,128,21206401024,25314268032
Qwen3.5-9B,mlp.down_proj,14,99.046875,201326592,4.13,4,128,8,128,21206401024,25314268032
Qwen3.5-9B,mlp.gate_proj,27,99.046875,201326592,4.13,4,128,8,128,21206401024,25314268032
Qwen3.5-9B,self_attn.v_proj,31,8.5078125,16777216,4.13,4,64,8,128,21206401024,25314268032
Qwen3.5-9B,mlp.up_proj,31,99.046875,201326592,4.13,4,128,8,128,21206401024,25314268032
Qwen3.5-9B,mlp.gate_proj,2,99.046875,201326592,4.13,4,128,8,128,21206401024,25314268032
Qwen3.5-9B,self_attn.o_proj,31,34.03125,67108864,4.13,4,64,8,128,21206401024,25314268032
Qwen3.5-9B,mlp.up_proj,13,99.046875,201326592,4.13,4,128,8,128,21206401024,25314268032
Qwen3.5-9B,mlp.gate_proj,3,99.046875,201326592,4.13,4,128,8,128,21206401024,25314268032
Qwen3.5-9B,mlp.down_proj,7,99.046875,201326592,4.13,4,128,8,128,21206401024,25314268032
Qwen3.5-9B,self_attn.q_proj,19,68.0625,134217728,4.13,4,64,8,128,21206401024,25314268032
Qwen3.5-9B,self_attn.v_proj,27,8.5078125,16777216,4.13,4,64,8,128,21206401024,25314268032
Qwen3.5-9B,mlp.down_proj,16,99.046875,201326592,4.13,4,128,8,128,21206401024,25314268032
Qwen3.5-9B,mlp.down_proj,23,99.046875,201326592,4.13,4,128,8,128,21206401024,25314268032
Qwen3.5-9B,mlp.down_proj,17,99.046875,201326592,4.13,4,128,8,128,21206401024,25314268032
Qwen3.5-9B,mlp.up_proj,24,99.046875,201326592,4.13,4,128,8,128,21206401024,25314268032
Qwen3.5-9B,self_attn.k_proj,3,8.25390625,16777216,4.13,4,128,8,128,21206401024,25314268032
Qwen3.5-9B,mlp.gate_proj,21,99.046875,201326592,4.13,4,128,8,128,21206401024,25314268032
Qwen3.5-9B,mlp.gate_proj,11,99.046875,201326592,4.13,4,128,8,128,21206401024,25314268032
Qwen3.5-9B,self_attn.v_proj,7,8.25390625,16777216,4.13,4,128,8,128,21206401024,25314268032
Qwen3.5-9B,self_attn.o_proj,3,33.015625,67108864,4.13,4,128,8,128,21206401024,25314268032
Qwen3.5-9B,mlp.down_proj,0,99.046875,201326592,4.13,4,128,8,128,21206401024,25314268032
Qwen3.5-9B,self_attn.q_proj,3,66.03125,134217728,4.13,4,128,8,128,21206401024,25314268032
Qwen3.5-9B,mlp.up_proj,11,99.046875,201326592,4.13,4,128,8,128,21206401024,25314268032
Qwen3.5-9B,mlp.gate_proj,30,99.046875,201326592,4.13,4,128,8,128,21206401024,25314268032
Qwen3.5-9B,mlp.gate_proj,31,99.046875,201326592,4.13,4,128,8,128,21206401024,25314268032
Qwen3.5-9B,self_attn.v_proj,15,8.5078125,16777216,4.13,4,64,8,128,21206401024,25314268032
Qwen3.5-9B,mlp.down_proj,6,99.046875,201326592,4.13,4,128,8,128,21206401024,25314268032
Qwen3.5-9B,mlp.down_proj,12,99.046875,201326592,4.13,4,128,8,128,21206401024,25314268032
Qwen3.5-9B,self_attn.k_proj,27,8.5078125,16777216,4.13,4,64,8,128,21206401024,25314268032
Qwen3.5-9B,mlp.up_proj,14,99.046875,201326592,4.13,4,128,8,128,21206401024,25314268032
Qwen3.5-9B,mlp.down_proj,11,99.046875,201326592,4.13,4,128,8,128,21206401024,25314268032
Qwen3.5-9B,self_attn.o_proj,11,34.03125,67108864,4.13,4,64,8,128,21206401024,25314268032
Qwen3.5-9B,mlp.up_proj,20,99.046875,201326592,4.13,4,128,8,128,21206401024,25314268032
Qwen3.5-9B,mlp.gate_proj,24,99.046875,201326592,4.13,4,128,8,128,21206401024,25314268032
Qwen3.5-9B,mlp.up_proj,9,99.046875,201326592,4.13,4,128,8,128,21206401024,25314268032
Qwen3.5-9B,mlp.up_proj,28,99.046875,201326592,4.13,4,128,8,128,21206401024,25314268032
Qwen3.5-9B,mlp.gate_proj,8,99.046875,201326592,4.13,4,128,8,128,21206401024,25314268032
Qwen3.5-9B,mlp.up_proj,7,99.046875,201326592,4.13,4,128,8,128,21206401024,25314268032
Qwen3.5-9B,self_attn.k_proj,7,8.25390625,16777216,4.13,4,128,8,128,21206401024,25314268032
Qwen3.5-9B,mlp.gate_proj,26,99.046875,201326592,4.13,4,128,8,128,21206401024,25314268032
Qwen3.5-9B,mlp.gate_proj,1,99.046875,201326592,4.13,4,128,8,128,21206401024,25314268032
Qwen3.5-9B,mlp.up_proj,10,99.046875,201326592,4.13,4,128,8,128,21206401024,25314268032
Qwen3.5-9B,mlp.up_proj,8,99.046875,201326592,4.13,4,128,8,128,21206401024,25314268032
Qwen3.5-9B,self_attn.v_proj,11,8.5078125,16777216,4.13,4,64,8,128,21206401024,25314268032
Qwen3.5-9B,mlp.down_proj,26,99.046875,201326592,4.13,4,128,8,128,21206401024,25314268032
Qwen3.5-9B,mlp.down_proj,30,99.046875,201326592,4.13,4,128,8,128,21206401024,25314268032
Qwen3.5-9B,self_attn.o_proj,27,34.03125,67108864,4.13,4,64,8,128,21206401024,25314268032
Qwen3.5-9B,self_attn.k_proj,23,8.5078125,16777216,4.13,4,64,8,128,21206401024,25314268032
Qwen3.5-9B,mlp.gate_proj,5,99.046875,201326592,4.13,4,128,8,128,21206401024,25314268032
Qwen3.5-9B,mlp.gate_proj,13,99.046875,201326592,4.13,4,128,8,128,21206401024,25314268032
Qwen3.5-9B,mlp.up_proj,2,99.046875,201326592,4.13,4,128,8,128,21206401024,25314268032
Qwen3.5-9B,mlp.up_proj,0,99.046875,201326592,4.13,4,128,8,128,21206401024,25314268032
Qwen3.5-9B,mlp.down_proj,1,99.046875,201326592,4.13,4,128,8,128,21206401024,25314268032
Qwen3.5-9B,mlp.down_proj,25,99.046875,201326592,4.13,4,128,8,128,21206401024,25314268032
Qwen3.5-9B,self_attn.v_proj,19,8.5078125,16777216,4.13,4,64,8,128,21206401024,25314268032
Qwen3.5-9B,mlp.gate_proj,12,99.046875,201326592,4.13,4,128,8,128,21206401024,25314268032
Qwen3.5-9B,mlp.up_proj,12,99.046875,201326592,4.13,4,128,8,128,21206401024,25314268032
Qwen3.5-9B,mlp.down_proj,5,102.09375,201326592,4.25,4,64,8,128,21206401024,25314268032
Qwen3.5-9B,self_attn.q_proj,7,68.0625,134217728,4.25,4,64,8,128,21206401024,25314268032
Qwen3.5-9B,self_attn.q_proj,27,68.0625,134217728,4.25,4,64,8,128,21206401024,25314268032
Qwen3.5-9B,mlp.up_proj,26,102.09375,201326592,4.25,4,64,8,128,21206401024,25314268032
Qwen3.5-9B,mlp.down_proj,9,102.09375,201326592,4.25,4,64,8,128,21206401024,25314268032
Qwen3.5-9B,self_attn.k_proj,15,8.5078125,16777216,4.25,4,64,8,128,21206401024,25314268032
Qwen3.5-9B,mlp.down_proj,10,102.09375,201326592,4.25,4,64,8,128,21206401024,25314268032
Qwen3.5-9B,mlp.down_proj,29,102.09375,201326592,4.25,4,64,8,128,21206401024,25314268032
Qwen3.5-9B,mlp.down_proj,3,102.09375,201326592,4.25,4,64,8,128,21206401024,25314268032
Qwen3.5-9B,mlp.gate_proj,18,195.046875,201326592,4.25,8,128,8,128,21206401024,25314268032
Qwen3.5-9B,mlp.gate_proj,19,195.046875,201326592,4.25,8,128,8,128,21206401024,25314268032
Qwen3.5-9B,mlp.down_proj,31,102.09375,201326592,4.25,4,64,8,128,21206401024,25314268032
Qwen3.5-9B,self_attn.k_proj,31,8.5078125,16777216,4.25,4,64,8,128,21206401024,25314268032
Qwen3.5-9B,mlp.up_proj,16,102.09375,201326592,4.25,4,64,8,128,21206401024,25314268032
Qwen3.5-9B,mlp.gate_proj,16,102.09375,201326592,4.25,4,64,8,128,21206401024,25314268032
Qwen3.5-9B,mlp.down_proj,4,102.09375,201326592,4.25,4,64,8,128,21206401024,25314268032
Qwen3.5-9B,mlp.up_proj,6,102.09375,201326592,4.25,4,64,8,128,21206401024,25314268032
Qwen3.5-9B,mlp.up_proj,18,102.09375,201326592,4.25,4,64,8,128,21206401024,25314268032
Qwen3.5-9B,self_attn.o_proj,15,34.03125,67108864,4.25,4,64,8,128,21206401024,25314268032
Qwen3.5-9B,mlp.down_proj,24,102.09375,201326592,4.25,4,64,8,128,21206401024,25314268032
Qwen3.5-9B,mlp.down_proj,27,102.09375,201326592,4.25,4,64,8,128,21206401024,25314268032
Qwen3.5-9B,self_attn.q_proj,23,68.0625,134217728,4.25,4,64,8,128,21206401024,25314268032
Qwen3.5-9B,mlp.gate_proj,10,102.09375,201326592,4.25,4,64,8,128,21206401024,25314268032
Qwen3.5-9B,mlp.gate_proj,7,102.09375,201326592,4.25,4,64,8,128,21206401024,25314268032
Qwen3.5-9B,mlp.up_proj,21,102.09375,201326592,4.25,4,64,8,128,21206401024,25314268032
Qwen3.5-9B,mlp.down_proj,22,102.09375,201326592,4.25,4,64,8,128,21206401024,25314268032
Qwen3.5-9B,self_attn.v_proj,3,8.5078125,16777216,4.25,4,64,8,128,21206401024,25314268032
Qwen3.5-9B,mlp.up_proj,5,102.09375,201326592,4.25,4,64,8,128,21206401024,25314268032
Qwen3.5-9B,mlp.gate_proj,6,102.09375,201326592,4.25,4,64,8,128,21206401024,25314268032
Qwen3.5-9B,mlp.gate_proj,14,102.09375,201326592,4.25,4,64,8,128,21206401024,25314268032
Qwen3.5-9B,self_attn.q_proj,31,68.0625,134217728,4.25,4,64,8,128,21206401024,25314268032
Qwen3.5-9B,mlp.gate_proj,20,102.09375,201326592,4.25,4,64,8,128,21206401024,25314268032
Qwen3.5-9B,mlp.down_proj,28,102.09375,201326592,4.25,4,64,8,128,21206401024,25314268032
Qwen3.5-9B,mlp.up_proj,30,102.09375,201326592,4.25,4,64,8,128,21206401024,25314268032
Qwen3.5-9B,mlp.up_proj,17,102.09375,201326592,4.25,4,64,8,128,21206401024,25314268032
Qwen3.5-9B,mlp.down_proj,19,102.09375,201326592,4.25,4,64,8,128,21206401024,25314268032
Qwen3.5-9B,self_attn.o_proj,7,34.03125,67108864,4.25,4,64,8,128,21206401024,25314268032
Qwen3.5-9B,mlp.down_proj,13,102.09375,201326592,4.25,4,64,8,128,21206401024,25314268032
Qwen3.5-9B,mlp.gate_proj,0,102.09375,201326592,4.25,4,64,8,128,21206401024,25314268032
Qwen3.5-9B,mlp.gate_proj,9,102.09375,201326592,4.25,4,64,8,128,21206401024,25314268032
Qwen3.5-9B,mlp.down_proj,15,102.09375,201326592,4.25,4,64,8,128,21206401024,25314268032
Qwen3.5-9B,mlp.gate_proj,22,102.09375,201326592,4.25,4,64,8,128,21206401024,25314268032
Qwen3.5-9B,self_attn.o_proj,23,34.03125,67108864,4.25,4,64,8,128,21206401024,25314268032
Qwen3.5-9B,mlp.gate_proj,23,195.046875,201326592,4.25,8,128,8,128,21206401024,25314268032
Qwen3.5-9B,self_attn.q_proj,15,68.0625,134217728,4.25,4,64,8,128,21206401024,25314268032
Qwen3.5-9B,mlp.down_proj,20,102.09375,201326592,4.25,4,64,8,128,21206401024,25314268032
Qwen3.5-9B,mlp.gate_proj,28,102.09375,201326592,4.25,4,64,8,128,21206401024,25314268032
Qwen3.5-9B,mlp.gate_proj,29,102.09375,201326592,4.25,4,64,8,128,21206401024,25314268032
Qwen3.5-9B,mlp.gate_proj,25,102.09375,201326592,4.25,4,64,8,128,21206401024,25314268032
Qwen3.5-9B,mlp.down_proj,18,102.09375,201326592,4.25,4,64,8,128,21206401024,25314268032
Qwen3.5-9B,mlp.down_proj,2,195.046875,201326592,4.25,8,128,8,128,21206401024,25314268032
Qwen3.5-9B,mlp.up_proj,22,102.09375,201326592,4.25,4,64,8,128,21206401024,25314268032
Qwen3.5-9B,mlp.up_proj,25,102.09375,201326592,4.25,4,64,8,128,21206401024,25314268032
Qwen3.5-9B,mlp.down_proj,21,102.09375,201326592,4.25,4,64,8,128,21206401024,25314268032
Qwen3.5-9B,mlp.up_proj,15,102.09375,201326592,4.25,4,64,8,128,21206401024,25314268032
Qwen3.5-9B,self_attn.v_proj,23,8.5078125,16777216,4.25,4,64,8,128,21206401024,25314268032
Qwen3.5-9B,self_attn.k_proj,11,8.5078125,16777216,4.25,4,64,8,128,21206401024,25314268032
Qwen3.5-9B,mlp.gate_proj,17,102.09375,201326592,4.25,4,64,8,128,21206401024,25314268032
Qwen3.5-9B,mlp.up_proj,23,102.09375,201326592,4.25,4,64,8,128,21206401024,25314268032
Qwen3.5-9B,self_attn.k_proj,19,8.5078125,16777216,4.25,4,64,8,128,21206401024,25314268032
Qwen3.5-9B,mlp.gate_proj,15,102.09375,201326592,4.25,4,64,8,128,21206401024,25314268032
Qwen3.5-9B,mlp.up_proj,27,102.09375,201326592,4.25,4,64,8,128,21206401024,25314268032
Qwen3.5-9B,mlp.up_proj,3,102.09375,201326592,4.25,4,64,8,128,21206401024,25314268032
Qwen3.5-9B,self_attn.q_proj,11,68.0625,134217728,4.25,4,64,8,128,21206401024,25314268032
Qwen3.5-9B,mlp.down_proj,8,102.09375,201326592,4.25,4,64,8,128,21206401024,25314268032
Qwen3.5-9B,self_attn.o_proj,19,34.03125,67108864,4.25,4,64,8,128,21206401024,25314268032
Qwen3.5-9B,mlp.gate_proj,4,102.09375,201326592,4.25,4,64,8,128,21206401024,25314268032
Qwen3.5-9B,mlp.up_proj,1,102.09375,201326592,4.25,4,64,8,128,21206401024,25314268032
Qwen3.5-9B,mlp.up_proj,19,102.09375,201326592,4.25,4,64,8,128,21206401024,25314268032
Qwen3.5-9B,mlp.up_proj,4,102.09375,201326592,4.25,4,64,8,128,21206401024,25314268032
Qwen3.5-9B,mlp.up_proj,29,102.09375,201326592,4.25,4,64,8,128,21206401024,25314268032
Qwen3.5-9B,mlp.down_proj,14,102.09375,201326592,4.25,4,64,8,128,21206401024,25314268032
Qwen3.5-9B,mlp.gate_proj,27,102.09375,201326592,4.25,4,64,8,128,21206401024,25314268032
Qwen3.5-9B,self_attn.v_proj,31,8.5078125,16777216,4.25,4,64,8,128,21206401024,25314268032
Qwen3.5-9B,mlp.up_proj,31,102.09375,201326592,4.25,4,64,8,128,21206401024,25314268032
Qwen3.5-9B,mlp.gate_proj,2,102.09375,201326592,4.25,4,64,8,128,21206401024,25314268032
Qwen3.5-9B,self_attn.o_proj,31,34.03125,67108864,4.25,4,64,8,128,21206401024,25314268032
Qwen3.5-9B,mlp.up_proj,13,102.09375,201326592,4.25,4,64,8,128,21206401024,25314268032
Qwen3.5-9B,mlp.gate_proj,3,102.09375,201326592,4.25,4,64,8,128,21206401024,25314268032
Qwen3.5-9B,mlp.down_proj,7,102.09375,201326592,4.25,4,64,8,128,21206401024,25314268032
Qwen3.5-9B,self_attn.q_proj,19,68.0625,134217728,4.25,4,64,8,128,21206401024,25314268032
Qwen3.5-9B,self_attn.v_proj,27,8.5078125,16777216,4.25,4,64,8,128,21206401024,25314268032
Qwen3.5-9B,mlp.down_proj,16,102.09375,201326592,4.25,4,64,8,128,21206401024,25314268032
Qwen3.5-9B,mlp.down_proj,23,102.09375,201326592,4.25,4,64,8,128,21206401024,25314268032
Qwen3.5-9B,mlp.down_proj,17,102.09375,201326592,4.25,4,64,8,128,21206401024,25314268032
Qwen3.5-9B,mlp.up_proj,24,102.09375,201326592,4.25,4,64,8,128,21206401024,25314268032
Qwen3.5-9B,self_attn.k_proj,3,8.5078125,16777216,4.25,4,64,8,128,21206401024,25314268032
Qwen3.5-9B,mlp.gate_proj,21,102.09375,201326592,4.25,4,64,8,128,21206401024,25314268032
Qwen3.5-9B,mlp.gate_proj,11,102.09375,201326592,4.25,4,64,8,128,21206401024,25314268032
Qwen3.5-9B,self_attn.v_proj,7,8.5078125,16777216,4.25,4,64,8,128,21206401024,25314268032
Qwen3.5-9B,self_attn.o_proj,3,34.03125,67108864,4.25,4,64,8,128,21206401024,25314268032
Qwen3.5-9B,mlp.down_proj,0,102.09375,201326592,4.25,4,64,8,128,21206401024,25314268032
Qwen3.5-9B,self_attn.q_proj,3,68.0625,134217728,4.25,4,64,8,128,21206401024,25314268032
Qwen3.5-9B,mlp.up_proj,11,102.09375,201326592,4.25,4,64,8,128,21206401024,25314268032
Qwen3.5-9B,mlp.gate_proj,30,102.09375,201326592,4.25,4,64,8,128,21206401024,25314268032
Qwen3.5-9B,mlp.gate_proj,31,102.09375,201326592,4.25,4,64,8,128,21206401024,25314268032
Qwen3.5-9B,self_attn.v_proj,15,8.5078125,16777216,4.25,4,64,8,128,21206401024,25314268032
Qwen3.5-9B,mlp.down_proj,6,102.09375,201326592,4.25,4,64,8,128,21206401024,25314268032
Qwen3.5-9B,mlp.down_proj,12,102.09375,201326592,4.25,4,64,8,128,21206401024,25314268032
Qwen3.5-9B,self_attn.k_proj,27,8.5078125,16777216,4.25,4,64,8,128,21206401024,25314268032
Qwen3.5-9B,mlp.up_proj,14,102.09375,201326592,4.25,4,64,8,128,21206401024,25314268032
Qwen3.5-9B,mlp.down_proj,11,102.09375,201326592,4.25,4,64,8,128,21206401024,25314268032
Qwen3.5-9B,self_attn.o_proj,11,34.03125,67108864,4.25,4,64,8,128,21206401024,25314268032
Qwen3.5-9B,mlp.up_proj,20,102.09375,201326592,4.25,4,64,8,128,21206401024,25314268032
Qwen3.5-9B,mlp.gate_proj,24,102.09375,201326592,4.25,4,64,8,128,21206401024,25314268032
Qwen3.5-9B,mlp.up_proj,9,102.09375,201326592,4.25,4,64,8,128,21206401024,25314268032
Qwen3.5-9B,mlp.up_proj,28,102.09375,201326592,4.25,4,64,8,128,21206401024,25314268032
Qwen3.5-9B,mlp.gate_proj,8,102.09375,201326592,4.25,4,64,8,128,21206401024,25314268032
Qwen3.5-9B,mlp.up_proj,7,102.09375,201326592,4.25,4,64,8,128,21206401024,25314268032
Qwen3.5-9B,self_attn.k_proj,7,8.5078125,16777216,4.25,4,64,8,128,21206401024,25314268032
Qwen3.5-9B,mlp.gate_proj,26,102.09375,201326592,4.25,4,64,8,128,21206401024,25314268032
Qwen3.5-9B,mlp.gate_proj,1,102.09375,201326592,4.25,4,64,8,128,21206401024,25314268032
Qwen3.5-9B,mlp.up_proj,10,102.09375,201326592,4.25,4,64,8,128,21206401024,25314268032
Qwen3.5-9B,mlp.up_proj,8,102.09375,201326592,4.25,4,64,8,128,21206401024,25314268032
Qwen3.5-9B,self_attn.v_proj,11,8.5078125,16777216,4.25,4,64,8,128,21206401024,25314268032
Qwen3.5-9B,mlp.down_proj,26,102.09375,201326592,4.25,4,64,8,128,21206401024,25314268032
Qwen3.5-9B,mlp.down_proj,30,102.09375,201326592,4.25,4,64,8,128,21206401024,25314268032
Qwen3.5-9B,self_attn.o_proj,27,34.03125,67108864,4.25,4,64,8,128,21206401024,25314268032
Qwen3.5-9B,self_attn.k_proj,23,8.5078125,16777216,4.25,4,64,8,128,21206401024,25314268032
Qwen3.5-9B,mlp.gate_proj,5,102.09375,201326592,4.25,4,64,8,128,21206401024,25314268032
Qwen3.5-9B,mlp.gate_proj,13,102.09375,201326592,4.25,4,64,8,128,21206401024,25314268032
Qwen3.5-9B,mlp.up_proj,2,102.09375,201326592,4.25,4,64,8,128,21206401024,25314268032
Qwen3.5-9B,mlp.up_proj,0,102.09375,201326592,4.25,4,64,8,128,21206401024,25314268032
Qwen3.5-9B,mlp.down_proj,1,102.09375,201326592,4.25,4,64,8,128,21206401024,25314268032
Qwen3.5-9B,mlp.down_proj,25,102.09375,201326592,4.25,4,64,8,128,21206401024,25314268032
Qwen3.5-9B,self_attn.v_proj,19,8.5078125,16777216,4.25,4,64,8,128,21206401024,25314268032
Qwen3.5-9B,mlp.gate_proj,12,102.09375,201326592,4.25,4,64,8,128,21206401024,25314268032
Qwen3.5-9B,mlp.up_proj,12,102.09375,201326592,4.25,4,64,8,128,21206401024,25314268032
Qwen3.5-9B,mlp.down_proj,5,108.1875,201326592,4.51,4,32,8,128,21206401024,25314268032
Qwen3.5-9B,self_attn.q_proj,7,72.125,134217728,4.51,4,32,8,128,21206401024,25314268032
Qwen3.5-9B,self_attn.q_proj,27,68.0625,134217728,4.51,4,64,8,128,21206401024,25314268032
Qwen3.5-9B,mlp.up_proj,26,108.1875,201326592,4.51,4,32,8,128,21206401024,25314268032
Qwen3.5-9B,mlp.down_proj,9,108.1875,201326592,4.51,4,32,8,128,21206401024,25314268032
Qwen3.5-9B,self_attn.k_proj,15,8.5078125,16777216,4.51,4,64,8,128,21206401024,25314268032
Qwen3.5-9B,mlp.down_proj,10,108.1875,201326592,4.51,4,32,8,128,21206401024,25314268032
Qwen3.5-9B,mlp.down_proj,29,108.1875,201326592,4.51,4,32,8,128,21206401024,25314268032
Qwen3.5-9B,mlp.down_proj,3,108.1875,201326592,4.51,4,32,8,128,21206401024,25314268032
Qwen3.5-9B,mlp.gate_proj,18,198.09375,201326592,4.51,8,64,8,128,21206401024,25314268032
Qwen3.5-9B,mlp.gate_proj,19,198.09375,201326592,4.51,8,64,8,128,21206401024,25314268032
Qwen3.5-9B,mlp.down_proj,31,108.1875,201326592,4.51,4,32,8,128,21206401024,25314268032
Qwen3.5-9B,self_attn.k_proj,31,8.5078125,16777216,4.51,4,64,8,128,21206401024,25314268032
Qwen3.5-9B,mlp.up_proj,16,108.1875,201326592,4.51,4,32,8,128,21206401024,25314268032
Qwen3.5-9B,mlp.gate_proj,16,108.1875,201326592,4.51,4,32,8,128,21206401024,25314268032
Qwen3.5-9B,mlp.down_proj,4,108.1875,201326592,4.51,4,32,8,128,21206401024,25314268032
Qwen3.5-9B,mlp.up_proj,6,108.1875,201326592,4.51,4,32,8,128,21206401024,25314268032
Qwen3.5-9B,mlp.up_proj,18,108.1875,201326592,4.51,4,32,8,128,21206401024,25314268032
Qwen3.5-9B,self_attn.o_proj,15,34.03125,67108864,4.51,4,64,8,128,21206401024,25314268032
Qwen3.5-9B,mlp.down_proj,24,108.1875,201326592,4.51,4,32,8,128,21206401024,25314268032
Qwen3.5-9B,mlp.down_proj,27,108.1875,201326592,4.51,4,32,8,128,21206401024,25314268032
Qwen3.5-9B,self_attn.q_proj,23,68.0625,134217728,4.51,4,64,8,128,21206401024,25314268032
Qwen3.5-9B,mlp.gate_proj,10,108.1875,201326592,4.51,4,32,8,128,21206401024,25314268032
Qwen3.5-9B,mlp.gate_proj,7,108.1875,201326592,4.51,4,32,8,128,21206401024,25314268032
Qwen3.5-9B,mlp.up_proj,21,108.1875,201326592,4.51,4,32,8,128,21206401024,25314268032
Qwen3.5-9B,mlp.down_proj,22,108.1875,201326592,4.51,4,32,8,128,21206401024,25314268032
Qwen3.5-9B,self_attn.v_proj,3,9.015625,16777216,4.51,4,32,8,128,21206401024,25314268032
Qwen3.5-9B,mlp.up_proj,5,108.1875,201326592,4.51,4,32,8,128,21206401024,25314268032
Qwen3.5-9B,mlp.gate_proj,6,108.1875,201326592,4.51,4,32,8,128,21206401024,25314268032
Qwen3.5-9B,mlp.gate_proj,14,108.1875,201326592,4.51,4,32,8,128,21206401024,25314268032
Qwen3.5-9B,self_attn.q_proj,31,68.0625,134217728,4.51,4,64,8,128,21206401024,25314268032
Qwen3.5-9B,mlp.gate_proj,20,108.1875,201326592,4.51,4,32,8,128,21206401024,25314268032
Qwen3.5-9B,mlp.down_proj,28,108.1875,201326592,4.51,4,32,8,128,21206401024,25314268032
Qwen3.5-9B,mlp.up_proj,30,108.1875,201326592,4.51,4,32,8,128,21206401024,25314268032
Qwen3.5-9B,mlp.up_proj,17,108.1875,201326592,4.51,4,32,8,128,21206401024,25314268032
Qwen3.5-9B,mlp.down_proj,19,108.1875,201326592,4.51,4,32,8,128,21206401024,25314268032
Qwen3.5-9B,self_attn.o_proj,7,36.0625,67108864,4.51,4,32,8,128,21206401024,25314268032
Qwen3.5-9B,mlp.down_proj,13,108.1875,201326592,4.51,4,32,8,128,21206401024,25314268032
Qwen3.5-9B,mlp.gate_proj,0,108.1875,201326592,4.51,4,32,8,128,21206401024,25314268032
Qwen3.5-9B,mlp.gate_proj,9,108.1875,201326592,4.51,4,32,8,128,21206401024,25314268032
Qwen3.5-9B,mlp.down_proj,15,108.1875,201326592,4.51,4,32,8,128,21206401024,25314268032
Qwen3.5-9B,mlp.gate_proj,22,108.1875,201326592,4.51,4,32,8,128,21206401024,25314268032
Qwen3.5-9B,self_attn.o_proj,23,34.03125,67108864,4.51,4,64,8,128,21206401024,25314268032
Qwen3.5-9B,mlp.gate_proj,23,198.09375,201326592,4.51,8,64,8,128,21206401024,25314268032
Qwen3.5-9B,self_attn.q_proj,15,68.0625,134217728,4.51,4,64,8,128,21206401024,25314268032
Qwen3.5-9B,mlp.down_proj,20,108.1875,201326592,4.51,4,32,8,128,21206401024,25314268032
Qwen3.5-9B,mlp.gate_proj,28,108.1875,201326592,4.51,4,32,8,128,21206401024,25314268032
Qwen3.5-9B,mlp.gate_proj,29,108.1875,201326592,4.51,4,32,8,128,21206401024,25314268032
Qwen3.5-9B,mlp.gate_proj,25,108.1875,201326592,4.51,4,32,8,128,21206401024,25314268032
Qwen3.5-9B,mlp.down_proj,18,108.1875,201326592,4.51,4,32,8,128,21206401024,25314268032
Qwen3.5-9B,mlp.down_proj,2,198.09375,201326592,4.51,8,64,8,128,21206401024,25314268032
Qwen3.5-9B,mlp.up_proj,22,108.1875,201326592,4.51,4,32,8,128,21206401024,25314268032
Qwen3.5-9B,mlp.up_proj,25,108.1875,201326592,4.51,4,32,8,128,21206401024,25314268032
Qwen3.5-9B,mlp.down_proj,21,108.1875,201326592,4.51,4,32,8,128,21206401024,25314268032
Qwen3.5-9B,mlp.up_proj,15,108.1875,201326592,4.51,4,32,8,128,21206401024,25314268032
Qwen3.5-9B,self_attn.v_proj,23,8.5078125,16777216,4.51,4,64,8,128,21206401024,25314268032
Qwen3.5-9B,self_attn.k_proj,11,8.5078125,16777216,4.51,4,64,8,128,21206401024,25314268032
Qwen3.5-9B,mlp.gate_proj,17,108.1875,201326592,4.51,4,32,8,128,21206401024,25314268032
Qwen3.5-9B,mlp.up_proj,23,108.1875,201326592,4.51,4,32,8,128,21206401024,25314268032
Qwen3.5-9B,self_attn.k_proj,19,8.5078125,16777216,4.51,4,64,8,128,21206401024,25314268032
Qwen3.5-9B,mlp.gate_proj,15,108.1875,201326592,4.51,4,32,8,128,21206401024,25314268032
Qwen3.5-9B,mlp.up_proj,27,108.1875,201326592,4.51,4,32,8,128,21206401024,25314268032
Qwen3.5-9B,mlp.up_proj,3,108.1875,201326592,4.51,4,32,8,128,21206401024,25314268032
Qwen3.5-9B,self_attn.q_proj,11,68.0625,134217728,4.51,4,64,8,128,21206401024,25314268032
Qwen3.5-9B,mlp.down_proj,8,108.1875,201326592,4.51,4,32,8,128,21206401024,25314268032
Qwen3.5-9B,self_attn.o_proj,19,34.03125,67108864,4.51,4,64,8,128,21206401024,25314268032
Qwen3.5-9B,mlp.gate_proj,4,108.1875,201326592,4.51,4,32,8,128,21206401024,25314268032
Qwen3.5-9B,mlp.up_proj,1,108.1875,201326592,4.51,4,32,8,128,21206401024,25314268032
Qwen3.5-9B,mlp.up_proj,19,108.1875,201326592,4.51,4,32,8,128,21206401024,25314268032
Qwen3.5-9B,mlp.up_proj,4,108.1875,201326592,4.51,4,32,8,128,21206401024,25314268032
Qwen3.5-9B,mlp.up_proj,29,108.1875,201326592,4.51,4,32,8,128,21206401024,25314268032
Qwen3.5-9B,mlp.down_proj,14,108.1875,201326592,4.51,4,32,8,128,21206401024,25314268032
Qwen3.5-9B,mlp.gate_proj,27,108.1875,201326592,4.51,4,32,8,128,21206401024,25314268032
Qwen3.5-9B,self_attn.v_proj,31,8.5078125,16777216,4.51,4,64,8,128,21206401024,25314268032
Qwen3.5-9B,mlp.up_proj,31,108.1875,201326592,4.51,4,32,8,128,21206401024,25314268032
Qwen3.5-9B,mlp.gate_proj,2,108.1875,201326592,4.51,4,32,8,128,21206401024,25314268032
Qwen3.5-9B,self_attn.o_proj,31,34.03125,67108864,4.51,4,64,8,128,21206401024,25314268032
Qwen3.5-9B,mlp.up_proj,13,108.1875,201326592,4.51,4,32,8,128,21206401024,25314268032
Qwen3.5-9B,mlp.gate_proj,3,108.1875,201326592,4.51,4,32,8,128,21206401024,25314268032
Qwen3.5-9B,mlp.down_proj,7,108.1875,201326592,4.51,4,32,8,128,21206401024,25314268032
Qwen3.5-9B,self_attn.q_proj,19,68.0625,134217728,4.51,4,64,8,128,21206401024,25314268032
Qwen3.5-9B,self_attn.v_proj,27,8.5078125,16777216,4.51,4,64,8,128,21206401024,25314268032
Qwen3.5-9B,mlp.down_proj,16,108.1875,201326592,4.51,4,32,8,128,21206401024,25314268032
Qwen3.5-9B,mlp.down_proj,23,108.1875,201326592,4.51,4,32,8,128,21206401024,25314268032
Qwen3.5-9B,mlp.down_proj,17,108.1875,201326592,4.51,4,32,8,128,21206401024,25314268032
Qwen3.5-9B,mlp.up_proj,24,108.1875,201326592,4.51,4,32,8,128,21206401024,25314268032
Qwen3.5-9B,self_attn.k_proj,3,9.015625,16777216,4.51,4,32,8,128,21206401024,25314268032
Qwen3.5-9B,mlp.gate_proj,21,108.1875,201326592,4.51,4,32,8,128,21206401024,25314268032
Qwen3.5-9B,mlp.gate_proj,11,108.1875,201326592,4.51,4,32,8,128,21206401024,25314268032
Qwen3.5-9B,self_attn.v_proj,7,9.015625,16777216,4.51,4,32,8,128,21206401024,25314268032
Qwen3.5-9B,self_attn.o_proj,3,36.0625,67108864,4.51,4,32,8,128,21206401024,25314268032
Qwen3.5-9B,mlp.down_proj,0,108.1875,201326592,4.51,4,32,8,128,21206401024,25314268032
Qwen3.5-9B,self_attn.q_proj,3,72.125,134217728,4.51,4,32,8,128,21206401024,25314268032
Qwen3.5-9B,mlp.up_proj,11,108.1875,201326592,4.51,4,32,8,128,21206401024,25314268032
Qwen3.5-9B,mlp.gate_proj,30,108.1875,201326592,4.51,4,32,8,128,21206401024,25314268032
Qwen3.5-9B,mlp.gate_proj,31,108.1875,201326592,4.51,4,32,8,128,21206401024,25314268032
Qwen3.5-9B,self_attn.v_proj,15,8.5078125,16777216,4.51,4,64,8,128,21206401024,25314268032
Qwen3.5-9B,mlp.down_proj,6,108.1875,201326592,4.51,4,32,8,128,21206401024,25314268032
Qwen3.5-9B,mlp.down_proj,12,108.1875,201326592,4.51,4,32,8,128,21206401024,25314268032
Qwen3.5-9B,self_attn.k_proj,27,8.5078125,16777216,4.51,4,64,8,128,21206401024,25314268032
Qwen3.5-9B,mlp.up_proj,14,108.1875,201326592,4.51,4,32,8,128,21206401024,25314268032
Qwen3.5-9B,mlp.down_proj,11,108.1875,201326592,4.51,4,32,8,128,21206401024,25314268032
Qwen3.5-9B,self_attn.o_proj,11,34.03125,67108864,4.51,4,64,8,128,21206401024,25314268032
Qwen3.5-9B,mlp.up_proj,20,108.1875,201326592,4.51,4,32,8,128,21206401024,25314268032
Qwen3.5-9B,mlp.gate_proj,24,108.1875,201326592,4.51,4,32,8,128,21206401024,25314268032
Qwen3.5-9B,mlp.up_proj,9,108.1875,201326592,4.51,4,32,8,128,21206401024,25314268032
Qwen3.5-9B,mlp.up_proj,28,108.1875,201326592,4.51,4,32,8,128,21206401024,25314268032
Qwen3.5-9B,mlp.gate_proj,8,108.1875,201326592,4.51,4,32,8,128,21206401024,25314268032
Qwen3.5-9B,mlp.up_proj,7,108.1875,201326592,4.51,4,32,8,128,21206401024,25314268032
Qwen3.5-9B,self_attn.k_proj,7,9.015625,16777216,4.51,4,32,8,128,21206401024,25314268032
Qwen3.5-9B,mlp.gate_proj,26,108.1875,201326592,4.51,4,32,8,128,21206401024,25314268032
Qwen3.5-9B,mlp.gate_proj,1,108.1875,201326592,4.51,4,32,8,128,21206401024,25314268032
Qwen3.5-9B,mlp.up_proj,10,108.1875,201326592,4.51,4,32,8,128,21206401024,25314268032
Qwen3.5-9B,mlp.up_proj,8,108.1875,201326592,4.51,4,32,8,128,21206401024,25314268032
Qwen3.5-9B,self_attn.v_proj,11,8.5078125,16777216,4.51,4,64,8,128,21206401024,25314268032
Qwen3.5-9B,mlp.down_proj,26,108.1875,201326592,4.51,4,32,8,128,21206401024,25314268032
Qwen3.5-9B,mlp.down_proj,30,108.1875,201326592,4.51,4,32,8,128,21206401024,25314268032
Qwen3.5-9B,self_attn.o_proj,27,34.03125,67108864,4.51,4,64,8,128,21206401024,25314268032
Qwen3.5-9B,self_attn.k_proj,23,8.5078125,16777216,4.51,4,64,8,128,21206401024,25314268032
Qwen3.5-9B,mlp.gate_proj,5,108.1875,201326592,4.51,4,32,8,128,21206401024,25314268032
Qwen3.5-9B,mlp.gate_proj,13,108.1875,201326592,4.51,4,32,8,128,21206401024,25314268032
Qwen3.5-9B,mlp.up_proj,2,108.1875,201326592,4.51,4,32,8,128,21206401024,25314268032
Qwen3.5-9B,mlp.up_proj,0,108.1875,201326592,4.51,4,32,8,128,21206401024,25314268032
Qwen3.5-9B,mlp.down_proj,1,108.1875,201326592,4.51,4,32,8,128,21206401024,25314268032
Qwen3.5-9B,mlp.down_proj,25,108.1875,201326592,4.51,4,32,8,128,21206401024,25314268032
Qwen3.5-9B,self_attn.v_proj,19,8.5078125,16777216,4.51,4,64,8,128,21206401024,25314268032
Qwen3.5-9B,mlp.gate_proj,12,108.1875,201326592,4.51,4,32,8,128,21206401024,25314268032
Qwen3.5-9B,mlp.up_proj,12,108.1875,201326592,4.51,4,32,8,128,21206401024,25314268032
